,,,Premature death,,,,,,,Poor or fair health,,,,Poor physical health days,,,,Poor mental health days,,,,Low birthweight,,,,,,,,Adult smoking,,,,Adult obesity,,,,Food environment index,,Physical inactivity,,,,Access to exercise opportunities,,Excessive drinking,,,,Alcohol-impaired driving deaths,,,,,,Sexually transmitted infections,,,Teen births,,,,,,,Uninsured,,,,,Primary care physicians,,,,Dentists,,,,Mental health providers,,,,Preventable hospital stays,,,,,Mammography screening,,,,,Flu vaccinations,,,,,High school graduation,,,Some college,,,,,,Unemployment,,,,Children in poverty,,,,,,,Income inequality,,,,Children in single-parent households,,,,,,Social associations,,,Violent crime,,,Injury deaths,,,,,Air pollution - particulate matter,,Drinking water violations,,Severe housing problems,,,,,,,Driving alone to work,,,,,,,Long commute - driving alone,,,,
FIPS,State,County,Years of Potential Life Lost Rate,95% CI - Low,95% CI - High,Z-Score,YPLL Rate (Black),YPLL Rate (Hispanic),YPLL Rate (White),% Fair/Poor,95% CI - Low,95% CI - High,Z-Score,Physically Unhealthy Days,95% CI - Low,95% CI - High,Z-Score,Mentally Unhealthy Days,95% CI - Low,95% CI - High,Z-Score,Unreliable,% LBW,95% CI - Low,95% CI - High,Z-Score,% LBW (Black),% LBW (Hispanic),% LBW (White),% Smokers,95% CI - Low,95% CI - High,Z-Score,% Obese,95% CI - Low,95% CI - High,Z-Score,Food Environment Index,Z-Score,% Physically Inactive,95% CI - Low,95% CI - High,Z-Score,% With Access,Z-Score,% Excessive Drinking,95% CI - Low,95% CI - High,Z-Score,# Alcohol-Impaired Driving Deaths,# Driving Deaths,% Alcohol-Impaired,95% CI - Low,95% CI - High,Z-Score,# Chlamydia Cases,Chlamydia Rate,Z-Score,Teen Birth Rate,95% CI - Low,95% CI - High,Z-Score,Teen Birth Rate (Black),Teen Birth Rate (Hispanic),Teen Birth Rate (White),# Uninsured,% Uninsured,95% CI - Low,95% CI - High,Z-Score,# Primary Care Physicians,PCP Rate,PCP Ratio,Z-Score,# Dentists,Dentist Rate,Dentist Ratio,Z-Score,# Mental Health Providers,MHP Rate,MHP Ratio,Z-Score,Preventable Hosp. Rate,Z-Score,Preventable Hosp. Rate (Black),Preventable Hosp. Rate (Hispanic),Preventable Hosp. Rate (White),% Screened,Z-Score,% Screened (Black),% Screened (Hispanic),% Screened (White),% Vaccinated,Z-Score,% Vaccinated (Black),% Vaccinated (Hispanic),% Vaccinated (White),Cohort Size,Graduation Rate,Z-Score,# Some College,Population,% Some College,95% CI - Low,95% CI - High,Z-Score,# Unemployed,Labor Force,% Unemployed,Z-Score,% Children in Poverty,95% CI - Low,95% CI - High,Z-Score,% Children in Poverty (Black),% Children in Poverty (Hispanic),% Children in Poverty (White),80th Percentile Income,20th Percentile Income,Income Ratio,Z-Score,# Single-Parent Households,# Households,% Single-Parent Households,95% CI - Low,95% CI - High,Z-Score,# Associations,Association Rate,Z-Score,Annual Average Violent Crimes,Violent Crime Rate,Z-Score,# Injury Deaths,Injury Death Rate,95% CI - Low,95% CI - High,Z-Score,Average Daily PM2.5,Z-Score,Presence of violation,Z-Score,% Severe Housing Problems,95% CI - Low,95% CI - High,Severe Housing Cost Burden,Overcrowding,Inadequate Facilities,Z-Score,% Drive Alone,95% CI - Low,95% CI - High,Z-Score,% Drive Alone (Black),% Drive Alone (Hispanic),% Drive Alone (White),# Workers who Drive Alone,% Long Commute - Drives Alone,95% CI - Low,95% CI - High,Z-Score
29000,Missouri,,8190,8107,8273,,,,,19,17,20,,4.2,3.9,4.5,,4.4,4.0,4.7,,,8,8,8,,,,,22,21,24,,32,,,,6.8,,25,,,,76,,19,18,21,,1244,4270,29,28,30,,30843,507.0,,28,28,28,,,,,526350,11,10,11,,4301,71,1417:1,,3468,57,1763:1,,11033,180,554:1,,4743,,,,,43,,,,,44,,,,,65990,88,,1016645,1536109,66,66,67,,114593,3050725,3.8,,19,18,19,,,,,101179,22085,4.6,,454332,1369155,33,33,34,,7063,11.6,,29250,481,,25245,83,82,84,,9.7,,,,14,14,14,,,,,82,82,82,,,,,2319217,32,31,32,
29001,Missouri,Adair,8363,6917,9808,-0.20,,,,20,19,21,0.26,4.9,4.7,5.2,0.75,4.7,4.5,5.0,0.93,,9,7,10,0.47,,,,22,21,24,0.27,31,25,36,-1.14,6.6,0.84,26,22,32,-0.52,78,-1.17,19,17,20,0.87,2,13,15,3,32,-1.02,87,342.8,0.20,12,10,14,-1.79,,,,2320,12,10,14,-0.21,33,130,768:1,-3.00,17,67,1493:1,-1.62,45,177,564:1,-0.93,2031,-2.06,,,,40,-0.08,,,,49,-1.28,,,,240,91,0.36,2919,4671,62,55,70,-0.88,445,10204,4.4,0.21,22,16,29,-0.16,,,,85045,13044,6.5,4.25,1250,4505,28,21,35,-0.41,35,13.8,0.04,63,248,-0.16,106,83,67,99,-0.09,9.5,-0.59,Yes,1.20,20,17,23,18,1,1,2.19,77,75,80,-0.62,,,,8534,13,10,16,-1.73
29003,Missouri,Andrew,6425,5001,7849,-1.21,,,,15,14,16,-1.59,4.0,3.8,4.3,-1.43,4.0,3.8,4.3,-1.58,,7,5,8,-0.80,,,,18,17,19,-1.66,33,27,40,-0.18,8.5,-1.44,23,18,29,-1.41,63,-0.41,18,17,19,0.62,3,17,18,6,32,-0.82,46,266.0,-0.22,25,20,31,-0.73,,,,1487,10,9,12,-0.96,2,12,8675:1,1.19,4,23,4389:1,0.61,4,23,4389:1,0.90,4130,-0.56,,,,49,-1.66,,,,49,-1.28,,,,215,95,-0.36,2556,3957,65,56,73,-1.10,311,9919,3.1,-1.07,11,8,14,-1.56,12,1,8,104372,26014,4.0,-0.55,816,3955,21,12,29,-1.40,17,9.8,0.93,32,184,-0.43,56,64,49,84,-1.04,9.9,0.02,No,-0.83,10,7,13,8,2,1,-1.06,87,84,90,1.54,,,,7264,22,18,25,-0.95
29005,Missouri,Atchison,8294,6661,10206,-0.24,,,,16,16,17,-1.09,4.2,4.0,4.4,-1.08,4.2,4.0,4.4,-1.01,,6,4,9,-1.03,,,,18,18,19,-1.53,33,26,41,-0.01,8.0,-0.84,28,21,36,-0.03,75,-1.02,17,16,17,-0.23,1,5,20,2,48,-0.62,9,169.6,-0.75,21,13,31,-1.08,,,,432,11,9,12,-0.76,1,19,5293:1,0.93,2,38,2638:1,-0.15,2,38,2638:1,0.72,7083,1.55,,,,43,-0.61,,,,44,-0.72,,,,47,98,-0.96,683,1114,61,52,70,-0.76,99,2817,3.5,-0.67,17,12,22,-0.81,,,,82038,22704,3.6,-1.31,284,1006,28,20,36,-0.34,21,39.7,-3.00,6,103,-0.79,22,82,52,125,-0.14,9.2,-1.06,No,-0.83,9,6,11,8,0,0,-1.55,84,81,87,0.89,,,,2206,21,16,26,-1.02
29007,Missouri,Audrain,7428,6206,8650,-0.69,10308,,7248,18,17,19,-0.46,4.6,4.4,4.8,-0.10,4.5,4.3,4.7,0.11,,9,8,10,0.73,17,,8,21,20,22,-0.26,35,28,43,0.73,7.5,-0.24,29,22,36,0.14,74,-0.95,18,17,18,0.37,5,22,23,12,35,-0.38,175,670.6,1.98,36,31,41,0.18,45,,36,2322,12,10,14,-0.34,13,50,2002:1,-0.17,9,35,2849:1,-0.01,44,172,583:1,-0.86,4319,-0.43,3190,,4380,46,-1.13,40,,47,32,0.61,29,,32,212,87,1.26,2922,6439,45,39,51,0.90,387,10937,3.5,-0.65,27,19,35,0.41,10,51,25,77775,20979,3.7,-1.13,1888,5786,33,25,40,0.27,30,11.5,0.54,48,183,-0.44,80,62,49,77,-1.16,10.0,0.18,No,-0.83,9,7,11,8,1,2,-1.29,81,77,85,0.19,,,,8499,25,21,29,-0.62
29009,Missouri,Barry,9263,8115,10410,0.26,,,,22,22,23,1.07,5.0,4.7,5.2,0.77,4.7,4.5,4.9,0.84,,8,7,9,0.02,,6,8,23,23,24,0.81,33,26,39,-0.35,7.7,-0.48,30,23,37,0.33,49,0.30,16,15,16,-0.83,16,41,39,31,47,1.04,61,170.3,-0.74,42,38,47,0.71,,40,44,4538,16,14,18,1.46,23,64,1554:1,-0.67,12,34,2972:1,0.06,19,53,1877:1,0.54,3415,-1.07,,,,40,-0.08,,23,40,34,0.39,,20,34,492,94,-0.13,3378,7438,45,39,52,0.90,519,15109,3.4,-0.75,26,18,33,0.28,,54,28,75800,18993,4.0,-0.59,2482,7971,31,23,39,0.06,50,14.0,0.00,94,242,-0.18,151,85,71,98,-0.02,9.8,-0.13,No,-0.83,13,11,15,10,3,1,-0.12,80,75,84,-0.05,,70,82,11199,31,27,35,-0.13
29011,Missouri,Barton,8542,6672,10411,-0.11,,,,21,20,22,0.70,4.9,4.7,5.1,0.55,4.7,4.5,5.0,0.93,,8,6,9,-0.14,,,,22,21,23,0.28,34,26,42,0.12,6.8,0.60,29,22,37,0.28,35,1.01,16,15,17,-0.62,2,9,22,6,42,-0.42,18,151.5,-0.84,35,28,43,0.09,,,,1389,15,13,17,0.77,5,42,2382:1,0.12,1,8,11850:1,1.33,8,68,1481:1,0.37,5406,0.35,,,,35,0.79,,,,39,-0.17,,,,146,87,1.22,1347,2570,52,43,62,0.17,215,5116,4.2,0.04,21,14,28,-0.26,,82,26,84414,18784,4.5,0.37,1002,2913,34,23,46,0.51,18,15.1,-0.25,34,283,0.00,46,77,56,102,-0.42,9.3,-0.90,Yes,1.20,12,9,15,8,2,2,-0.46,82,77,87,0.41,,,,4326,33,26,39,0.04
29013,Missouri,Bates,8180,6614,9747,-0.30,,,,19,18,20,-0.21,4.7,4.4,4.9,0.04,4.4,4.2,4.7,-0.11,,7,6,9,-0.45,,,,21,20,22,-0.16,32,26,40,-0.49,8.0,-0.84,26,19,33,-0.66,36,0.94,17,16,18,-0.15,2,11,18,4,37,-0.77,47,285.8,-0.11,36,29,42,0.14,,,,1702,13,11,15,0.11,4,24,4104:1,0.74,6,37,2722:1,-0.09,5,31,3267:1,0.81,5845,0.66,,,,39,0.09,,,,29,0.94,,,,166,93,0.06,1840,3635,51,43,58,0.35,354,8116,4.4,0.21,21,15,27,-0.27,11,19,20,90250,21098,4.3,-0.04,1151,3931,29,22,37,-0.20,25,15.2,-0.28,77,473,0.83,72,87,68,110,0.12,9.4,-0.75,No,-0.83,12,10,14,10,2,1,-0.39,75,72,78,-1.22,,,,5292,44,39,49,1.09
29015,Missouri,Benton,10242,8236,12249,0.77,,,,21,20,22,0.50,4.8,4.6,5.1,0.48,4.7,4.4,4.9,0.65,,7,6,9,-0.29,,,,22,21,23,-0.05,34,27,41,0.25,7.7,-0.48,27,21,35,-0.33,30,1.26,14,13,15,-1.62,6,21,29,17,41,0.13,31,166.0,-0.77,37,30,43,0.22,,,,1817,14,12,16,0.46,5,27,3768:1,0.66,4,21,4769:1,0.70,13,68,1467:1,0.37,4431,-0.35,,,,43,-0.61,,,,35,0.27,,,,208,95,-0.43,1357,3149,43,35,51,1.14,369,7120,5.2,1.06,29,20,37,0.64,,13,26,70879,15790,4.5,0.36,920,3299,28,18,37,-0.39,32,17.0,-0.67,82,435,0.66,104,110,89,132,1.26,9.4,-0.75,Yes,1.20,15,12,17,13,1,2,0.48,76,73,79,-0.94,,,,4576,40,34,46,0.71
29017,Missouri,Bollinger,9939,7982,11895,0.61,,,,20,19,20,0.07,4.7,4.5,5.0,0.24,4.5,4.3,4.8,0.22,,7,5,9,-0.54,,,,23,22,24,0.57,32,25,39,-0.57,7.0,0.36,34,27,41,1.52,26,1.45,17,16,18,-0.16,6,17,35,22,48,0.72,26,213.4,-0.51,33,26,41,-0.09,,,,1358,14,12,16,0.51,1,8,12052:1,1.30,3,24,4102:1,0.53,4,33,3077:1,0.79,4648,-0.19,,,,42,-0.43,,,,40,-0.28,,,,144,99,-1.11,1233,2718,45,38,53,0.90,238,5382,4.4,0.27,23,15,30,-0.12,,,,76940,17255,4.5,0.31,719,2733,26,16,37,-0.61,12,10.0,0.89,54,438,0.67,56,91,69,118,0.30,10.5,0.95,No,-0.83,14,11,17,11,2,2,0.20,71,67,76,-1.98,,,,3383,52,44,59,1.78
29019,Missouri,Boone,5623,5219,6027,-1.62,11358,,5165,17,16,17,-0.88,4.1,3.9,4.2,-1.39,4.2,4.0,4.4,-0.99,,8,7,8,-0.01,15,9,7,18,17,19,-1.62,27,23,31,-2.96,7.0,0.36,22,19,26,-1.71,82,-1.36,21,20,22,2.17,27,87,31,26,37,0.35,1167,667.0,1.96,13,12,14,-1.72,40,25,9,13730,9,8,10,-1.45,192,109,920:1,-2.24,116,65,1537:1,-1.53,590,331,302:1,-2.75,3261,-1.18,4224,1616,3193,53,-2.36,41,34,54,51,-1.50,36,30,52,1608,91,0.39,36998,46647,79,76,83,-2.64,2543,97496,2.6,-1.61,14,10,17,-1.24,38,28,9,105343,20011,5.3,1.85,10438,35191,30,26,33,-0.15,210,11.9,0.46,634,362,0.34,405,46,42,51,-1.94,10.1,0.33,Yes,1.20,18,17,19,17,1,1,1.62,78,76,79,-0.52,74,75,79,70291,16,14,17,-1.50
29021,Missouri,Buchanan,8669,7992,9346,-0.05,10606,4863,8707,22,22,23,1.05,5.0,4.9,5.2,1.00,4.5,4.3,4.7,0.01,,8,8,9,0.31,12,8,8,25,24,26,1.48,36,32,40,1.21,7.4,-0.12,31,27,34,0.66,79,-1.21,20,19,20,1.54,13,40,33,24,41,0.48,536,601.6,1.61,45,42,48,0.90,42,54,45,7439,10,9,12,-0.97,60,67,1482:1,-0.78,55,62,1619:1,-1.36,146,164,610:1,-0.77,4759,-0.11,5711,3250,4727,43,-0.61,57,31,43,52,-1.61,44,48,52,858,89,0.83,13302,23881,56,52,59,-0.18,1601,46169,3.5,-0.72,22,16,27,-0.23,56,29,22,89177,20196,4.4,0.22,7542,20178,37,32,42,0.93,116,13.0,0.21,414,463,0.78,306,69,61,76,-0.83,10.2,0.49,No,-0.83,15,13,17,13,2,1,0.55,84,82,85,0.80,76,74,87,34579,12,11,14,-1.81
29023,Missouri,Butler,10846,9747,11944,1.08,16021,,10583,23,23,24,1.43,5.3,5.1,5.5,1.57,4.8,4.5,5.0,0.99,,10,9,11,1.78,16,12,10,25,24,26,1.35,35,29,41,0.73,6.9,0.48,34,29,41,1.66,72,-0.87,16,15,17,-0.56,9,45,20,13,28,-0.62,223,519.2,1.16,53,48,58,1.59,52,74,52,4484,13,11,15,0.14,47,110,909:1,-2.28,30,70,1422:1,-1.79,112,263,381:1,-1.94,7573,1.90,7091,,7593,36,0.62,31,,37,21,1.83,15,,21,497,93,0.02,5959,10091,59,53,65,-0.53,835,18085,4.6,0.47,32,23,41,1.08,57,53,26,74821,14854,5.0,1.41,4011,9696,41,33,49,1.48,44,10.3,0.82,217,503,0.96,205,96,83,109,0.53,10.8,1.42,Yes,1.20,13,11,15,12,1,0,-0.05,81,78,84,0.18,,,,13542,15,11,18,-1.59
29025,Missouri,Caldwell,6671,4839,8503,-1.08,,,,18,17,19,-0.44,4.4,4.2,4.6,-0.57,4.4,4.1,4.6,-0.38,,8,6,10,0.24,,,,21,20,22,-0.31,35,28,43,0.90,7.7,-0.48,33,25,41,1.16,45,0.50,17,16,18,-0.09,2,6,33,11,55,0.55,19,210.8,-0.52,26,20,34,-0.61,,,,871,12,11,14,-0.24,,,,0.00,1,11,9100:1,1.21,1,11,9100:1,1.04,5884,0.69,,,,35,0.79,,,,45,-0.83,,,,86,97,-0.69,1062,1924,55,47,64,-0.12,179,4465,4.0,-0.16,20,14,25,-0.48,,63,17,86187,20004,4.3,0.02,557,2131,26,19,34,-0.64,13,14.3,-0.08,17,190,-0.41,31,68,47,97,-0.84,9.3,-0.90,Yes,1.20,15,11,18,11,2,1,0.46,83,79,87,0.64,,,,3088,49,42,55,1.51
29027,Missouri,Callaway,7318,6430,8205,-0.74,10602,,7256,16,15,17,-1.14,4.0,3.8,4.2,-1.61,4.1,3.9,4.3,-1.34,,9,8,10,0.81,13,,9,20,19,21,-0.81,35,29,42,0.82,7.8,-0.60,26,21,32,-0.69,66,-0.54,19,18,20,1.33,14,42,33,25,41,0.55,176,392.6,0.47,23,20,26,-0.90,19,36,23,3590,10,9,12,-0.97,17,38,2652:1,0.27,11,24,4094:1,0.53,78,173,577:1,-0.88,3865,-0.75,4283,,3863,40,-0.08,30,,41,47,-1.06,43,36,47,391,90,0.71,5838,11218,52,47,57,0.21,746,21514,3.5,-0.72,18,13,23,-0.67,74,51,15,94556,23822,4.0,-0.63,3050,9355,33,26,39,0.26,48,10.6,0.74,164,368,0.37,175,78,67,90,-0.35,10.0,0.18,Yes,1.20,13,10,16,10,1,3,-0.03,82,79,85,0.56,,,,16343,30,27,34,-0.16
29029,Missouri,Camden,8731,7571,9891,-0.01,,,,17,17,18,-0.65,4.6,4.4,4.8,-0.13,4.4,4.2,4.6,-0.28,,6,5,7,-1.18,,,,20,19,21,-0.86,29,24,35,-1.74,7.6,-0.36,27,22,33,-0.30,69,-0.70,16,15,17,-0.63,18,45,40,33,47,1.13,101,228.3,-0.43,31,27,35,-0.26,,52,30,4883,15,13,17,0.92,36,81,1236:1,-1.26,21,46,2173:1,-0.56,60,131,761:1,-0.38,3507,-1.01,,,,43,-0.61,,36,43,35,0.27,,29,35,399,94,-0.13,4316,8073,53,47,60,0.06,889,18475,4.8,0.67,24,17,31,0.05,51,8,28,91698,22032,4.2,-0.26,2109,8033,26,20,33,-0.62,54,12.1,0.41,115,263,-0.09,205,92,80,105,0.36,9.8,-0.13,Yes,1.20,13,11,15,11,2,1,-0.11,82,80,85,0.51,,,,13864,27,23,31,-0.46
29031,Missouri,Cape Girardeau,7466,6786,8147,-0.67,13724,,6930,19,18,19,-0.27,4.5,4.3,4.7,-0.29,4.4,4.1,4.6,-0.42,,8,8,9,0.29,14,7,7,21,20,21,-0.54,29,24,34,-1.96,7.3,0.00,26,22,31,-0.55,76,-1.03,20,19,21,1.58,13,53,25,17,32,-0.22,413,525.6,1.19,22,20,24,-0.94,51,28,19,7172,11,10,13,-0.57,71,90,1111:1,-1.58,56,72,1396:1,-1.86,201,257,389:1,-1.87,4741,-0.13,8231,,4701,47,-1.31,36,50,47,46,-0.94,27,35,47,711,90,0.56,12606,18608,68,63,72,-1.43,1382,40154,3.4,-0.75,18,13,23,-0.72,56,44,15,94150,20596,4.6,0.52,5434,16521,33,28,38,0.30,112,14.2,-0.05,284,362,0.34,271,69,61,78,-0.79,11.3,2.19,No,-0.83,14,12,16,12,2,1,0.26,83,81,85,0.69,72,79,85,30352,18,16,20,-1.32
29033,Missouri,Carroll,5956,4273,7640,-1.45,,,,19,18,20,-0.17,4.6,4.4,4.9,-0.06,4.5,4.3,4.7,0.08,,9,7,11,0.52,,,,20,20,21,-0.57,38,31,45,1.99,7.5,-0.24,30,24,37,0.58,30,1.27,16,16,17,-0.32,3,9,33,15,51,0.55,30,333.6,0.15,22,16,29,-0.97,,,,824,12,10,14,-0.37,3,34,2971:1,0.41,3,34,2932:1,0.04,1,11,8796:1,1.04,5185,0.19,,,,39,0.09,,,,37,0.05,,,,126,100,-1.39,917,1936,47,39,56,0.69,196,4716,4.2,-0.01,20,13,26,-0.47,,97,23,89264,16773,5.3,1.96,742,2027,37,23,50,0.82,16,18.0,-0.88,14,155,-0.56,38,85,60,116,-0.02,9.3,-0.90,No,-0.83,10,7,12,7,2,2,-1.19,79,74,83,-0.31,,,,2866,34,28,39,0.13
29035,Missouri,Carter,10959,8167,13751,1.14,,,,22,21,23,0.91,5.1,4.8,5.3,1.04,4.8,4.5,5.0,1.06,,8,6,10,0.00,,,,23,22,24,0.54,33,25,40,-0.31,5.3,2.41,31,24,41,0.77,77,-1.08,16,15,16,-0.84,9,14,64,54,73,3.00,8,127.7,-0.97,43,33,55,0.75,,,,757,15,13,18,1.07,1,16,6168:1,1.02,2,32,3085:1,0.12,6,97,1028:1,0.02,5705,0.56,,,,31,1.50,,,,25,1.38,,,,92,95,-0.30,889,1340,66,50,82,-1.29,148,2471,6.0,1.90,35,24,46,1.45,,13,12,75800,16312,4.6,0.67,451,1492,30,17,44,-0.07,5,8.1,1.30,27,430,0.64,29,93,62,134,0.40,9.7,-0.28,No,-0.83,16,11,22,13,3,2,1.12,72,65,80,-1.73,,,,1782,32,22,42,-0.01
29037,Missouri,Cass,6515,5952,7078,-1.16,8925,,6356,15,15,16,-1.43,4.1,3.9,4.3,-1.35,4.0,3.8,4.2,-1.79,,7,7,8,-0.49,11,8,7,18,17,19,-1.62,34,29,39,0.17,7.9,-0.72,26,22,31,-0.69,71,-0.79,18,17,19,0.67,18,58,31,24,38,0.35,328,322.8,0.09,22,20,24,-0.94,22,34,22,7385,9,8,10,-1.72,26,25,3956:1,0.70,39,38,2660:1,-0.14,63,61,1646:1,0.45,5346,0.31,4947,6132,5293,43,-0.61,48,38,43,45,-0.83,31,36,45,1341,91,0.49,16504,25055,66,62,70,-1.24,1897,54502,3.5,-0.71,12,9,15,-1.41,39,23,10,115239,30409,3.8,-0.97,5946,24987,24,20,27,-0.96,91,8.8,1.14,188,185,-0.43,329,65,58,72,-1.03,9.9,0.02,Yes,1.20,13,11,14,11,2,1,-0.19,86,84,87,1.26,66,89,80,41844,49,46,51,1.51
29039,Missouri,Cedar,10123,8049,12197,0.71,,,,21,20,22,0.60,5.0,4.8,5.3,0.93,4.8,4.5,5.0,0.98,,6,5,8,-1.04,,,,23,22,24,0.42,33,25,41,-0.27,7.2,0.12,30,22,38,0.36,56,-0.04,15,14,16,-1.24,2,12,17,4,34,-0.91,18,129.2,-0.97,46,38,54,0.98,,,,1501,14,12,16,0.64,4,29,3504:1,0.59,4,28,3518:1,0.33,10,71,1407:1,0.33,2866,-1.47,,,,32,1.32,,,,28,1.05,,,,160,89,0.87,1492,2786,54,42,65,0.05,233,5667,4.1,-0.05,30,20,39,0.76,,,,65004,15081,4.3,0.02,1297,3317,39,26,52,1.17,21,15.0,-0.22,52,370,0.38,62,89,68,114,0.18,9.1,-1.21,No,-0.83,13,10,17,11,1,1,0.04,86,82,90,1.31,,,,4204,30,24,37,-0.15
29041,Missouri,Chariton,7490,5257,9723,-0.66,,,,18,17,19,-0.43,4.6,4.4,4.9,0.01,4.4,4.2,4.7,-0.24,,6,4,8,-1.16,,,,21,20,22,-0.44,30,24,37,-1.31,8.0,-0.84,32,25,40,1.08,34,1.08,16,15,17,-0.46,3,7,43,22,61,1.38,15,197.7,-0.59,32,24,43,-0.13,,,,683,12,10,14,-0.29,1,13,7516:1,1.13,,,,0.00,3,40,2493:1,0.70,4019,-0.64,,,,38,0.27,,,,33,0.50,,,,88,92,0.20,730,1496,49,41,56,0.54,132,3780,3.5,-0.70,18,12,23,-0.73,63,43,14,84406,18514,4.6,0.50,324,1688,19,13,25,-1.60,15,20.0,-1.32,33,439,0.68,27,71,47,104,-0.69,9.4,-0.75,No,-0.83,10,8,13,9,1,1,-0.96,77,73,81,-0.68,,,,2387,27,22,32,-0.48
29043,Missouri,Christian,5839,5247,6431,-1.51,,,,15,15,16,-1.43,4.0,3.8,4.2,-1.48,4.1,3.8,4.3,-1.51,,6,5,6,-1.31,,6,6,20,19,21,-0.75,30,24,36,-1.44,8.0,-0.84,27,22,33,-0.36,69,-0.71,18,17,19,0.76,9,49,18,11,26,-0.76,287,344.6,0.21,21,19,23,-1.09,,,,6965,10,9,11,-1.24,37,44,2281:1,0.05,27,32,3164:1,0.16,90,105,949:1,-0.07,3499,-1.01,,9311,3465,46,-1.13,,44,47,49,-1.28,32,45,49,1079,95,-0.44,15309,22116,69,65,73,-1.59,1329,43119,3.1,-1.12,12,9,16,-1.39,48,12,11,98366,28401,3.5,-1.60,5550,21269,26,22,31,-0.64,77,9.1,1.08,137,164,-0.52,238,57,50,65,-1.40,9.9,0.02,Yes,1.20,11,9,12,8,2,1,-0.88,85,83,87,1.05,,,,32743,40,37,43,0.76
29045,Missouri,Clark,6842,4724,8959,-0.99,,,,17,16,17,-0.96,4.4,4.2,4.6,-0.60,4.4,4.2,4.6,-0.20,,6,4,8,-1.00,,,,20,19,21,-0.65,35,28,42,0.56,7.6,-0.36,29,22,38,0.25,44,0.54,17,16,18,-0.08,5,11,45,30,59,1.61,12,176.4,-0.71,24,17,34,-0.78,,,,681,13,11,15,0.01,2,30,3362:1,0.55,2,30,3362:1,0.26,1,15,6723:1,1.00,11191,3.00,,,,36,0.62,,,,46,-0.94,,,,66,97,-0.78,774,1446,54,45,62,0.05,179,3160,5.7,1.56,24,17,30,0.02,,,,83920,20804,4.0,-0.51,501,1607,31,21,42,0.06,10,14.9,-0.20,9,125,-0.69,24,70,45,105,-0.73,10.1,0.33,No,-0.83,9,6,13,6,1,2,-1.30,79,75,84,-0.19,,,,2469,37,31,43,0.45
29047,Missouri,Clay,6024,5675,6372,-1.41,6773,4559,6056,14,14,15,-1.75,3.9,3.7,4.0,-1.84,4.1,3.9,4.2,-1.43,,7,6,7,-0.91,9,6,6,18,18,19,-1.52,31,28,35,-0.96,8.1,-0.96,22,20,25,-1.65,90,-1.77,20,19,20,1.59,23,96,24,19,29,-0.27,1040,441.4,0.73,21,20,23,-1.03,27,24,21,16424,8,7,9,-1.98,167,70,1432:1,-0.87,148,61,1641:1,-1.32,261,107,931:1,-0.10,5038,0.09,9395,3253,5012,46,-1.13,46,42,46,51,-1.50,38,45,52,2995,96,-0.60,47038,66510,71,68,73,-1.74,4827,134548,3.6,-0.60,10,7,12,-1.74,42,19,8,115636,31022,3.7,-1.09,15626,57489,27,24,30,-0.49,236,9.9,0.91,,,0.00,747,63,59,68,-1.10,10.0,0.18,No,-0.83,11,10,12,9,1,0,-0.85,84,83,85,0.91,82,75,83,101748,31,30,33,-0.07
29049,Missouri,Clinton,7626,6224,9029,-0.58,,,,16,15,17,-1.19,4.2,4.0,4.4,-1.07,4.1,3.9,4.3,-1.31,,7,6,8,-0.58,,,,19,18,20,-1.13,32,26,40,-0.40,8.4,-1.32,33,26,41,1.35,54,0.05,18,17,19,0.71,3,12,25,10,42,-0.18,55,266.9,-0.22,26,22,31,-0.62,,,,1756,10,9,12,-0.96,11,53,1874:1,-0.29,11,54,1869:1,-0.94,8,39,2569:1,0.71,6143,0.88,,,,40,-0.08,36,,40,44,-0.72,30,,44,311,93,0.03,2837,4713,60,54,67,-0.64,432,11051,3.9,-0.26,14,10,18,-1.17,34,2,15,102658,26116,3.9,-0.70,1576,4822,33,24,41,0.27,23,11.2,0.62,116,456,0.75,75,73,58,92,-0.60,9.7,-0.28,No,-0.83,12,9,14,10,2,0,-0.54,82,79,85,0.44,,,,7817,54,48,59,1.97
29051,Missouri,Cole,6361,5720,7002,-1.24,8485,,6219,17,16,17,-0.98,4.2,4.0,4.3,-1.17,4.1,3.9,4.3,-1.31,,8,8,9,0.27,13,8,7,20,20,21,-0.64,35,29,41,0.69,7.5,-0.24,21,16,25,-2.12,78,-1.13,18,17,19,0.69,12,34,35,26,44,0.72,547,713.0,2.21,24,21,26,-0.83,35,28,20,5532,9,8,10,-1.50,58,76,1321:1,-1.07,47,61,1632:1,-1.33,130,169,590:1,-0.83,4028,-0.64,4583,,3776,55,-2.71,48,41,55,56,-2.05,41,51,57,1039,80,2.68,13068,20321,64,60,68,-1.07,1140,38860,2.9,-1.27,16,12,20,-0.97,39,29,12,100810,25563,3.9,-0.68,5766,17340,33,28,39,0.35,182,23.8,-2.17,198,257,-0.12,234,61,53,69,-1.20,10.0,0.18,Yes,1.20,10,8,12,9,1,1,-1.05,86,85,86,1.26,75,92,85,31040,15,13,17,-1.55
29053,Missouri,Cooper,7547,6037,9057,-0.63,,,,18,17,18,-0.64,4.3,4.1,4.5,-0.86,4.2,4.0,4.4,-1.07,,8,7,9,0.14,16,,8,21,20,22,-0.31,34,27,42,0.34,7.4,-0.12,27,20,34,-0.41,62,-0.35,18,18,19,0.84,3,13,23,9,39,-0.35,50,283.4,-0.13,23,18,29,-0.88,,,,1430,11,9,12,-0.81,7,40,2530:1,0.20,6,34,2941:1,0.04,15,85,1176:1,0.17,4565,-0.25,,,,41,-0.26,47,,41,39,-0.17,29,,39,184,94,-0.19,2474,4580,54,49,59,0.00,271,7348,3.7,-0.49,18,12,23,-0.72,55,18,11,88646,22394,4.0,-0.65,1272,3810,33,26,40,0.37,22,12.4,0.35,18,99,-0.81,42,48,34,64,-1.88,9.7,-0.28,Yes,1.20,11,9,13,9,1,1,-0.81,83,81,86,0.77,,,,6436,37,33,42,0.49
29055,Missouri,Crawford,10054,8560,11548,0.67,,,,21,20,22,0.58,5.0,4.7,5.2,0.79,4.9,4.7,5.1,1.51,,8,7,10,0.39,,,,23,22,24,0.43,37,29,44,1.42,7.7,-0.48,28,21,36,0.03,62,-0.35,16,15,17,-0.67,4,19,21,10,35,-0.52,70,285.4,-0.12,36,31,41,0.19,,,,2703,14,12,16,0.48,,,,0.00,3,12,8034:1,1.13,10,41,2410:1,0.68,4180,-0.53,,,,41,-0.26,,,,28,1.05,,,,213,92,0.12,2096,5632,37,32,43,1.75,498,10644,4.7,0.54,28,21,35,0.55,,16,24,77057,16712,4.6,0.60,1891,5650,33,26,41,0.38,30,12.3,0.36,38,163,-0.53,125,102,84,120,0.86,9.8,-0.13,No,-0.83,16,13,18,12,3,1,0.84,80,76,85,0.10,,,,7421,36,30,41,0.32
29057,Missouri,Dade,8960,6240,11681,0.10,,,,21,20,22,0.63,4.8,4.6,5.1,0.45,4.7,4.5,4.9,0.79,,7,5,10,-0.29,,,,22,21,23,0.22,33,26,42,-0.14,7.9,-0.72,27,20,35,-0.36,28,1.37,15,14,16,-1.20,1,10,10,1,30,-1.49,11,144.8,-0.88,28,20,37,-0.51,,,,851,15,13,17,0.81,5,66,1526:1,-0.72,1,13,7588:1,1.10,6,79,1265:1,0.24,3873,-0.75,,,,37,0.44,,,,44,-0.72,,,,83,95,-0.42,699,1476,47,38,57,0.69,121,3544,3.4,-0.78,27,19,34,0.38,63,10,36,74709,18027,4.1,-0.29,474,1527,31,21,41,0.05,13,17.0,-0.68,22,304,0.09,28,74,49,106,-0.57,9.2,-1.06,Yes,1.20,13,10,16,11,1,2,-0.07,77,72,82,-0.69,,,,2298,38,32,44,0.52
29059,Missouri,Dallas,9859,7993,11724,0.57,,,,21,20,21,0.43,4.9,4.7,5.1,0.60,4.6,4.5,4.8,0.58,,8,6,9,-0.15,,,,23,22,24,0.44,35,28,44,0.90,7.3,0.00,26,19,35,-0.61,6,2.46,16,15,17,-0.50,6,17,35,22,48,0.72,33,201.3,-0.57,39,33,46,0.46,,,,1973,15,13,17,1.02,1,6,16448:1,1.38,5,30,3335:1,0.25,6,36,2779:1,0.75,3127,-1.28,,,,36,0.62,,,,24,1.49,,,,117,95,-0.36,1350,3478,39,29,48,1.58,324,6917,4.7,0.54,28,19,36,0.55,,3,20,74835,18536,4.0,-0.50,1084,3881,28,19,37,-0.39,12,7.3,1.48,53,323,0.17,67,81,63,103,-0.19,9.4,-0.75,Yes,1.20,15,12,19,11,3,1,0.71,77,70,83,-0.78,,,,4455,50,38,61,1.60
29061,Missouri,Daviess,7295,5130,9460,-0.76,,,,18,18,19,-0.32,4.6,4.4,4.8,-0.09,4.5,4.3,4.8,0.09,,6,4,8,-1.19,,,,20,19,21,-0.63,37,30,45,1.69,7.5,-0.24,27,20,34,-0.50,32,1.16,17,16,17,-0.24,4,11,36,20,52,0.81,14,169.6,-0.75,34,26,43,-0.01,,,,1050,16,14,19,1.49,1,12,8209:1,1.17,2,24,4181:1,0.55,2,24,4181:1,0.89,6757,1.32,,,,36,0.62,,,,41,-0.39,,,,89,96,-0.49,738,1725,43,35,50,1.17,134,4031,3.3,-0.87,22,15,30,-0.13,10,12,18,83375,20728,4.0,-0.53,364,2097,17,12,22,-1.86,7,8.5,1.21,12,146,-0.60,28,68,45,98,-0.88,9.4,-0.75,Yes,1.20,14,12,17,11,4,1,0.43,73,69,78,-1.50,,,,2565,33,28,38,0.07
29063,Missouri,DeKalb,5783,4434,7131,-1.54,,,,20,19,20,0.13,4.5,4.3,4.7,-0.41,4.0,3.8,4.2,-1.63,,6,4,8,-1.31,,,,22,21,23,0.10,37,30,44,1.42,7.0,0.36,30,24,38,0.55,65,-0.51,19,18,20,1.15,2,13,15,3,32,-1.02,24,189.2,-0.64,27,20,35,-0.60,,,,763,11,9,12,-0.91,3,24,4204:1,0.76,1,8,12588:1,1.36,1,8,12588:1,1.08,4629,-0.21,,,,33,1.15,,,,43,-0.61,,,,53,94,-0.26,1451,3875,37,32,43,1.73,192,5031,3.8,-0.36,15,10,19,-1.09,,67,19,89017,19572,4.5,0.48,411,2033,20,14,27,-1.46,12,9.5,0.99,11,135,-0.65,43,68,49,91,-0.87,9.6,-0.44,Yes,1.20,9,6,13,9,1,2,-1.31,83,78,88,0.73,,,,3548,36,29,43,0.34
29065,Missouri,Dent,9381,7506,11256,0.32,,,,20,19,21,0.30,4.8,4.6,5.1,0.42,4.6,4.4,4.9,0.56,,8,7,10,0.27,,,,23,22,24,0.70,31,24,38,-1.22,7.0,0.36,28,20,37,-0.05,63,-0.39,16,15,17,-0.50,3,19,16,5,30,-0.98,16,102.6,-1.11,45,38,53,0.93,,,,1859,16,14,18,1.15,3,19,5129:1,0.91,5,32,3096:1,0.13,18,116,860:1,-0.20,5364,0.32,,,,35,0.79,,,,26,1.27,,,,134,96,-0.64,1381,3319,42,34,49,1.29,258,6040,4.3,0.11,31,23,40,1.00,,49,25,78976,16601,4.8,0.88,1069,3573,30,21,39,-0.11,22,14.3,-0.07,15,93,-0.83,81,104,83,129,0.95,9.4,-0.75,No,-0.83,14,11,17,10,3,1,0.14,81,71,90,0.16,,,,4634,38,31,44,0.50
29067,Missouri,Douglas,8996,6989,11003,0.12,,,,21,20,22,0.66,5.0,4.8,5.3,0.98,4.9,4.6,5.1,1.36,,6,5,8,-1.06,,,,23,22,24,0.61,32,25,40,-0.57,6.7,0.72,33,26,41,1.30,43,0.62,14,14,15,-1.46,2,9,22,6,42,-0.42,22,164.5,-0.77,43,35,51,0.79,,,,1542,15,13,17,1.07,2,15,6679:1,1.07,5,38,2660:1,-0.14,9,68,1478:1,0.37,5172,0.18,,,,31,1.50,,,,33,0.50,,,,88,92,0.20,1289,2614,49,38,60,0.49,235,4971,4.7,0.59,31,21,41,0.92,,,,66542,16040,4.1,-0.29,735,2829,26,11,41,-0.66,19,14.2,-0.05,24,175,-0.47,57,85,64,110,-0.01,9.5,-0.59,No,-0.83,15,11,19,12,2,2,0.70,79,73,85,-0.25,,,,3832,43,35,51,1.01
29069,Missouri,Dunklin,11989,10619,13359,1.67,17145,,11941,26,25,27,2.27,5.5,5.3,5.7,2.02,5.0,4.8,5.2,1.97,,12,11,13,2.79,20,6,11,26,25,27,2.07,38,33,43,1.90,6.1,1.44,38,33,44,2.76,67,-0.59,14,14,15,-1.49,18,41,44,36,51,1.47,159,514.6,1.13,63,57,69,2.39,80,72,57,3386,14,12,16,0.46,13,43,2349:1,0.09,7,23,4303:1,0.59,50,166,602:1,-0.79,7476,1.83,7471,,7501,39,0.09,37,,39,36,0.16,28,4,37,344,91,0.36,3458,6921,50,45,55,0.42,813,12219,6.7,2.58,36,25,46,1.53,20,76,33,66772,13183,5.1,1.47,3403,7925,43,36,50,1.70,56,18.3,-0.97,157,502,0.95,151,98,82,113,0.63,11.3,2.19,Yes,1.20,15,12,17,13,2,1,0.52,82,80,85,0.53,87,65,83,9455,28,24,31,-0.38
29071,Missouri,Franklin,9150,8434,9865,0.20,,,,16,15,17,-1.19,4.3,4.1,4.5,-0.78,4.3,4.1,4.6,-0.53,,7,7,8,-0.23,,9,7,20,20,21,-0.60,32,27,37,-0.57,8.1,-0.96,28,23,33,-0.08,75,-0.99,19,18,19,0.89,35,105,33,28,38,0.55,272,265.6,-0.22,30,28,32,-0.33,32,45,29,8580,10,9,11,-1.13,68,66,1512:1,-0.74,47,45,2199:1,-0.54,99,96,1044:1,0.04,3581,-0.96,2245,,3577,47,-1.31,38,38,47,50,-1.39,41,43,50,1159,88,0.94,15531,24166,64,60,68,-1.07,1891,52277,3.6,-0.57,15,11,18,-1.11,39,36,15,98661,24976,4.0,-0.67,6787,23806,29,24,33,-0.31,145,14.1,-0.03,205,195,-0.39,591,115,106,125,1.51,10.7,1.26,No,-0.83,13,12,15,11,2,1,0.09,85,84,87,1.19,,,,42047,41,38,43,0.79
29073,Missouri,Gasconade,8420,6655,10184,-0.17,,,,17,16,18,-0.87,4.3,4.1,4.5,-0.91,4.2,4.0,4.4,-0.97,,7,6,9,-0.30,,,,19,18,20,-1.10,34,28,42,0.34,8.3,-1.20,30,24,38,0.53,50,0.25,17,16,18,-0.06,9,23,39,28,50,1.05,29,195.2,-0.61,30,24,36,-0.35,,,,1387,12,10,14,-0.26,5,34,2962:1,0.41,3,20,4909:1,0.73,9,61,1636:1,0.45,4267,-0.47,,,,48,-1.48,,,,39,-0.17,,,,218,95,-0.47,1694,2976,57,50,64,-0.30,300,7678,3.9,-0.26,16,11,22,-0.88,,9,18,92375,22109,4.2,-0.23,804,3080,26,19,33,-0.64,28,18.9,-1.09,22,145,-0.60,93,125,101,154,2.02,9.9,0.02,No,-0.83,16,13,19,12,3,2,0.82,82,79,85,0.41,,,,5489,37,32,41,0.42
29075,Missouri,Gentry,6598,5338,8066,-1.12,,,,18,17,19,-0.57,4.3,4.1,4.6,-0.72,4.3,4.0,4.5,-0.78,,7,5,9,-0.73,,,,19,18,20,-1.08,30,23,37,-1.48,8.3,-1.20,28,21,36,-0.03,62,-0.35,16,16,17,-0.30,1,2,50,10,77,2.00,13,194.3,-0.61,26,19,36,-0.61,,,,658,12,11,14,-0.12,2,30,3331:1,0.54,3,45,2222:1,-0.51,2,30,3333:1,0.82,6077,0.83,,,,38,0.27,,,,41,-0.39,,,,72,100,-1.39,889,1430,62,53,71,-0.85,102,3572,2.9,-1.36,19,13,25,-0.51,,,,77821,18007,4.3,0.04,340,1659,20,13,28,-1.42,15,22.5,-1.89,4,52,-1.01,23,68,43,103,-0.84,9.3,-0.90,Yes,1.20,11,8,14,7,2,2,-0.77,77,73,81,-0.65,,,,2304,29,23,34,-0.29
29077,Missouri,Greene,8436,8057,8815,-0.17,14656,5209,8459,20,19,20,0.13,4.6,4.4,4.8,-0.07,4.6,4.4,4.8,0.53,,7,7,8,-0.31,12,8,7,22,21,23,0.24,36,32,41,1.25,7.4,-0.12,24,21,28,-1.10,83,-1.39,17,16,18,-0.14,36,155,23,19,27,-0.33,1923,667.5,1.97,26,25,27,-0.64,35,35,25,26418,11,10,13,-0.58,282,98,1024:1,-1.85,208,72,1393:1,-1.86,972,335,298:1,-2.80,3746,-0.84,6375,3121,3709,45,-0.96,42,25,46,51,-1.50,38,42,51,2685,91,0.47,52602,73838,71,69,74,-1.80,4502,147999,3.0,-1.16,21,17,24,-0.34,30,26,21,87125,19342,4.5,0.39,18813,59223,32,29,34,0.15,339,11.7,0.50,2221,770,2.13,1188,83,78,87,-0.12,10.1,0.33,Yes,1.20,15,14,16,14,1,1,0.60,82,81,83,0.38,75,76,84,110853,17,16,18,-1.42
29079,Missouri,Grundy,11541,8906,14177,1.44,,,,19,18,20,-0.12,4.5,4.3,4.8,-0.28,4.5,4.2,4.7,-0.04,,7,6,9,-0.51,,,,21,20,22,-0.49,34,27,41,0.25,6.8,0.60,26,19,33,-0.77,59,-0.21,16,15,17,-0.53,2,8,25,7,46,-0.18,27,267.4,-0.21,40,33,48,0.54,,,,944,12,10,14,-0.26,3,30,3388:1,0.56,5,50,1990:1,-0.78,16,161,622:1,-0.73,5075,0.11,,,,36,0.62,,,,41,-0.39,,,,100,93,0.01,1115,2157,52,44,60,0.24,172,4744,3.6,-0.56,27,19,35,0.42,,,,81219,15650,5.2,1.70,730,2304,32,22,41,0.14,20,19.7,-1.26,8,78,-0.90,54,106,80,139,1.07,9.3,-0.90,No,-0.83,16,13,19,12,4,1,0.92,79,74,85,-0.14,,,,3551,16,13,19,-1.45
29081,Missouri,Harrison,6929,4968,8890,-0.95,,,,20,20,21,0.41,4.7,4.5,4.9,0.20,4.7,4.4,4.9,0.72,,8,6,10,0.07,,,,23,22,24,0.69,32,26,39,-0.49,6.9,0.48,34,28,40,1.55,41,0.68,16,15,17,-0.63,3,12,25,10,42,-0.18,14,162.5,-0.78,43,33,54,0.73,,,,960,15,13,16,0.72,3,35,2852:1,0.36,3,35,2841:1,-0.02,8,94,1066:1,0.06,4201,-0.51,,,,39,0.09,,,,35,0.27,,,,68,97,-0.80,739,1843,40,32,48,1.45,137,3863,3.5,-0.64,26,19,33,0.30,20,29,28,75969,18707,4.1,-0.45,731,2104,35,26,43,0.56,11,12.9,0.25,5,58,-0.99,34,79,55,110,-0.31,9.2,-1.06,No,-0.83,13,10,17,8,2,4,0.08,76,71,81,-0.85,,,,2866,20,16,24,-1.12
29083,Missouri,Henry,10786,9137,12435,1.05,,,,19,18,20,-0.04,4.7,4.5,5.0,0.23,4.6,4.4,4.8,0.36,,8,7,9,0.04,,,,22,21,23,0.15,31,24,39,-0.88,6.7,0.72,27,21,35,-0.25,51,0.18,16,15,17,-0.52,4,19,21,10,35,-0.52,57,262.2,-0.24,46,39,52,0.99,,,,1968,12,10,13,-0.43,15,69,1440:1,-0.85,13,60,1671:1,-1.26,56,258,388:1,-1.88,5343,0.30,,,,39,0.09,,,,33,0.50,33,10,33,171,90,0.60,2630,4876,54,47,61,0.01,405,9663,4.2,0.03,24,17,31,0.08,1,65,32,79241,19165,4.1,-0.31,1735,4687,37,26,48,0.88,35,16.2,-0.49,68,312,0.13,101,93,75,111,0.37,9.3,-0.90,No,-0.83,11,8,13,7,2,3,-0.91,85,84,86,1.17,,,,7500,31,26,36,-0.09
29085,Missouri,Hickory,11859,8677,15040,1.60,,,,21,20,22,0.73,5.0,4.8,5.3,0.88,4.9,4.6,5.1,1.37,,11,9,14,2.32,,,,22,21,23,-0.06,32,25,40,-0.70,7.2,0.12,31,22,40,0.64,21,1.71,14,13,15,-1.81,5,12,42,26,56,1.28,23,250.0,-0.31,32,24,42,-0.12,,,,970,16,13,18,1.17,2,22,4635:1,0.84,2,21,4738:1,0.69,4,42,2369:1,0.67,2601,-1.66,,,,40,-0.08,,,,26,1.27,,,,97,98,-0.98,692,1439,48,35,61,0.62,166,3691,4.5,0.35,37,26,48,1.68,,31,37,65598,15345,4.3,-0.04,422,1507,28,17,39,-0.38,12,12.9,0.23,1,11,-1.19,59,127,97,164,2.10,9.2,-1.06,No,-0.83,15,12,18,12,1,2,0.53,80,77,83,0.08,,,,2529,42,34,50,0.93
29087,Missouri,Holt,7901,6044,10149,-0.44,,,,18,17,18,-0.61,4.4,4.2,4.6,-0.53,4.4,4.2,4.6,-0.29,x,4,,,-2.55,,,,21,20,22,-0.43,33,26,41,-0.22,5.0,2.77,30,22,38,0.47,62,-0.36,16,16,17,-0.34,3,11,27,11,45,0.02,4,89.2,-1.18,24,,,-0.80,,,,439,13,11,15,0.11,1,22,4448:1,0.80,,,,0.00,2,45,2207:1,0.64,3671,-0.89,,,,40,-0.08,,,,44,-0.72,,,,36,97,-0.83,513,914,56,47,65,-0.22,78,2669,2.9,-1.29,19,13,25,-0.55,,,,84700,21221,4.0,-0.59,215,877,25,18,31,-0.86,10,22.5,-1.88,8,180,-0.45,16,71,41,116,-0.69,9.6,-0.44,No,-0.83,10,7,13,7,2,1,-1.05,78,74,82,-0.39,,,,1647,30,25,36,-0.16
29089,Missouri,Howard,8444,6305,10583,-0.16,,,,19,19,20,0.02,4.6,4.4,4.9,-0.03,4.4,4.2,4.6,-0.28,,9,7,11,0.73,,,,21,20,22,-0.19,32,25,40,-0.57,7.5,-0.24,25,18,32,-1.02,36,0.93,17,16,18,0.05,0,11,0,0,19,-2.36,38,374.8,0.37,20,15,26,-1.17,,,,863,11,10,13,-0.60,4,40,2515:1,0.19,3,30,3380:1,0.27,7,69,1448:1,0.36,4452,-0.33,12415,,3633,41,-0.26,43,,41,39,-0.17,33,,39,100,89,0.81,1082,2085,52,44,60,0.22,192,4987,3.9,-0.32,19,13,25,-0.56,,25,26,93796,21613,4.3,0.08,695,2203,32,21,42,0.12,13,12.9,0.23,12,117,-0.73,34,67,46,94,-0.91,9.5,-0.59,Yes,1.20,12,9,15,10,2,1,-0.33,78,74,82,-0.50,,,,3675,40,34,47,0.75
29091,Missouri,Howell,9176,8115,10238,0.22,,,,21,20,22,0.53,5.0,4.8,5.2,0.86,4.7,4.5,4.9,0.82,,7,6,8,-0.54,,,,23,22,24,0.67,33,27,38,-0.31,6.8,0.60,30,24,35,0.39,56,-0.05,16,16,17,-0.30,9,43,21,13,29,-0.53,166,413.8,0.58,51,46,56,1.42,,54,52,4382,14,12,16,0.39,39,97,1031:1,-1.83,17,42,2359:1,-0.38,92,229,436:1,-1.54,3701,-0.87,,,,30,1.67,,33,30,36,0.16,13,24,36,334,95,-0.43,4980,9151,54,49,60,-0.04,758,15467,4.9,0.77,30,21,38,0.81,14,61,32,72695,15251,4.8,0.89,2898,9677,30,24,36,-0.11,53,13.2,0.18,106,263,-0.09,188,94,80,107,0.42,9.9,0.02,Yes,1.20,16,14,19,14,2,1,1.05,83,81,86,0.75,,,,13500,17,14,20,-1.37
29093,Missouri,Iron,13476,10825,16127,2.44,,,,20,19,20,0.06,4.8,4.5,5.0,0.31,4.6,4.4,4.9,0.58,,9,7,11,0.89,,,,22,21,23,0.02,34,27,41,0.21,6.7,0.72,24,18,32,-1.10,80,-1.25,16,16,17,-0.36,1,12,8,0,27,-1.63,26,256.8,-0.27,43,34,52,0.72,,,,1000,13,11,15,0.03,,,,0.00,3,29,3409:1,0.28,10,98,1023:1,0.02,5106,0.14,,,,33,1.15,,,,33,0.50,,,,123,100,-1.39,984,2212,44,37,52,0.99,228,3486,6.5,2.47,36,26,45,1.55,,,,70236,16952,4.1,-0.30,624,2079,30,21,39,-0.10,20,20.0,-1.32,28,276,-0.03,59,116,88,149,1.53,9.8,-0.13,No,-0.83,14,12,17,12,2,1,0.39,82,79,86,0.53,,,,3074,43,36,49,0.96
29095,Missouri,Jackson,8758,8507,9009,0.00,13680,5003,7427,17,17,18,-0.74,4.1,4.0,4.3,-1.21,4.4,4.3,4.5,-0.28,,9,9,9,0.66,14,7,7,20,20,21,-0.59,33,31,35,-0.22,7.0,0.36,22,21,24,-1.65,91,-1.82,20,19,20,1.70,150,414,36,34,39,0.80,5585,812.2,2.75,36,35,37,0.18,50,56,24,67366,12,11,12,-0.51,540,78,1281:1,-1.16,591,85,1183:1,-2.51,1574,225,444:1,-1.49,5346,0.31,7254,4549,4885,43,-0.61,43,34,43,46,-0.94,35,39,49,7212,89,0.89,127755,190610,67,66,68,-1.36,15851,363854,4.4,0.20,21,18,24,-0.34,39,36,12,99569,21230,4.7,0.75,69552,162861,43,41,44,1.67,759,11.0,0.67,8024,941,2.87,2958,86,83,89,0.04,10.4,0.80,No,-0.83,17,17,18,16,1,1,1.33,83,82,83,0.60,78,78,86,275321,33,32,34,0.07
29097,Missouri,Jasper,8513,7952,9073,-0.13,12441,3973,8892,20,20,21,0.38,4.8,4.6,5.0,0.29,4.5,4.3,4.7,0.03,,7,6,7,-0.63,11,7,7,22,21,23,-0.03,36,31,42,1.21,7.3,0.00,27,22,32,-0.41,72,-0.83,17,16,18,-0.01,15,78,19,14,25,-0.68,689,581.0,1.50,45,42,47,0.91,37,67,43,13150,13,12,15,0.19,,62,1616:1,-0.59,70,58,1717:1,-1.18,267,222,450:1,-1.46,4250,-0.48,5869,5686,4195,44,-0.78,30,31,45,48,-1.17,37,36,48,1408,89,0.89,18199,31297,58,55,62,-0.43,1896,56734,3.3,-0.85,24,19,29,0.07,37,54,19,85673,20701,4.1,-0.31,9148,29520,31,27,35,0.04,161,13.5,0.10,489,416,0.58,436,74,67,81,-0.57,10.0,0.18,No,-0.83,14,13,16,12,2,2,0.39,84,83,85,0.90,80,74,85,46831,16,14,17,-1.50
29099,Missouri,Jefferson,8560,8120,9000,-0.10,15942,5066,8603,15,15,16,-1.36,4.0,3.8,4.2,-1.49,4.2,4.0,4.4,-0.93,,7,7,8,-0.36,10,5,7,23,22,24,0.66,32,28,36,-0.66,7.9,-0.72,19,16,22,-2.62,63,-0.42,21,20,22,2.36,45,162,28,24,32,0.06,577,257.4,-0.27,23,22,25,-0.88,26,23,23,17938,9,8,10,-1.40,52,23,4312:1,0.78,79,35,2833:1,-0.02,177,79,1264:1,0.24,5188,0.19,3042,,5217,42,-0.43,26,42,43,51,-1.50,37,48,51,2695,92,0.16,38778,57943,67,64,70,-1.35,4160,116746,3.6,-0.62,14,11,17,-1.19,53,26,14,107222,29261,3.7,-1.21,15643,52611,30,27,33,-0.14,168,7.5,1.44,429,192,-0.40,1141,102,96,108,0.86,11.3,2.19,Yes,1.20,11,10,12,9,1,1,-0.70,87,86,88,1.58,77,,83,93512,55,53,57,2.07
29101,Missouri,Johnson,6866,6064,7668,-0.98,6624,,6944,18,18,19,-0.39,4.3,4.1,4.5,-0.83,4.3,4.1,4.5,-0.70,,7,6,7,-0.86,7,8,6,21,20,22,-0.43,34,30,40,0.47,7.4,-0.12,24,21,29,-1.07,50,0.23,19,18,20,1.34,16,52,31,24,38,0.32,320,593.1,1.56,16,14,18,-1.47,12,25,16,4304,10,8,11,-1.22,24,44,2248:1,0.03,20,37,2695:1,-0.11,72,134,749:1,-0.41,5999,0.77,7380,5603,5848,39,0.09,40,,39,39,-0.17,34,24,39,504,95,-0.40,9247,13064,71,66,76,-1.75,1024,23157,4.4,0.27,14,10,18,-1.19,5,7,14,91709,22231,4.1,-0.33,2390,11502,21,17,25,-1.38,57,10.6,0.76,105,191,-0.40,162,60,51,69,-1.26,9.4,-0.75,Yes,1.20,15,13,17,12,2,1,0.59,79,77,82,-0.15,77,83,78,21230,30,26,33,-0.23
29103,Missouri,Knox,7755,5842,10094,-0.52,,,,18,17,19,-0.37,4.6,4.3,4.8,-0.16,4.4,4.2,4.7,-0.15,x,6,3,8,-1.41,,,,20,19,21,-0.60,33,26,41,-0.27,7.4,-0.12,29,22,38,0.31,14,2.07,16,15,17,-0.54,0,5,0,0,32,-2.36,4,102.3,-1.11,19,,,-1.24,,,,470,16,13,18,1.19,1,25,3934:1,0.70,1,25,3977:1,0.49,2,50,1989:1,0.58,3641,-0.91,,,,43,-0.61,,,,40,-0.28,,,,53,96,-0.63,359,758,47,36,59,0.69,64,1956,3.3,-0.92,31,22,41,1.00,,,,72884,16870,4.3,0.04,331,946,35,23,47,0.60,7,17.8,-0.85,0,0,-1.24,14,70,39,118,-0.74,9.5,-0.59,No,-0.83,15,11,19,12,1,3,0.64,78,73,82,-0.52,,,,1258,33,26,40,0.08
29105,Missouri,Laclede,9125,8001,10250,0.19,,,,22,21,23,0.86,5.0,4.8,5.2,0.90,4.7,4.4,4.9,0.63,,8,7,9,0.29,,,,24,23,25,1.17,33,26,39,-0.35,7.1,0.24,31,25,38,0.77,53,0.11,16,16,17,-0.38,8,35,23,14,32,-0.37,91,256.5,-0.27,54,49,60,1.69,,60,55,3777,13,11,15,0.15,20,56,1775:1,-0.39,10,28,3544:1,0.34,46,130,771:1,-0.36,5708,0.57,,,,39,0.09,,,,22,1.72,,45,22,411,96,-0.61,3953,8388,47,41,53,0.72,788,16189,4.9,0.73,24,17,30,0.02,20,35,23,77010,18061,4.3,-0.07,2293,8537,27,20,33,-0.54,50,14.1,-0.02,103,291,0.03,127,72,59,84,-0.68,9.5,-0.59,No,-0.83,17,14,20,13,3,1,1.17,81,78,83,0.14,,,,11894,24,20,28,-0.77
29107,Missouri,Lafayette,8809,7568,10051,0.03,,,,17,16,18,-0.88,4.4,4.2,4.6,-0.62,4.1,3.9,4.3,-1.35,,7,6,8,-0.68,,,,20,19,21,-0.93,33,27,40,-0.14,8.1,-0.96,26,21,32,-0.61,51,0.20,18,17,19,0.62,7,26,27,17,38,-0.01,71,217.1,-0.49,31,27,36,-0.20,,,,2772,11,9,12,-0.91,10,31,3262:1,0.51,10,31,3264:1,0.21,38,116,859:1,-0.21,5676,0.54,2549,,5646,40,-0.08,33,,40,37,0.05,29,27,37,399,94,-0.23,4019,7346,55,49,61,-0.07,643,17206,3.7,-0.44,18,15,22,-0.63,8,81,17,95845,23173,4.1,-0.31,2932,7427,39,32,47,1.22,54,16.6,-0.57,36,112,-0.75,115,70,57,83,-0.74,9.5,-0.59,Yes,1.20,12,9,14,10,1,1,-0.54,81,78,84,0.27,,,,12140,40,35,44,0.70
29109,Missouri,Lawrence,10424,9183,11664,0.86,,,,20,19,21,0.27,4.7,4.5,5.0,0.26,4.7,4.4,4.9,0.63,,7,6,8,-0.43,,8,7,22,21,23,0.10,33,26,39,-0.35,7.9,-0.72,25,19,31,-0.94,55,-0.02,17,16,17,-0.25,10,47,21,14,29,-0.50,83,217.4,-0.49,42,37,46,0.65,,50,41,4301,14,12,16,0.46,24,63,1599:1,-0.61,16,42,2402:1,-0.34,55,143,699:1,-0.52,4557,-0.26,,,,41,-0.26,,21,41,37,0.05,,29,37,414,91,0.50,4387,8754,50,44,56,0.41,634,17564,3.6,-0.57,25,19,31,0.22,,27,27,80619,19806,4.1,-0.44,2587,9576,27,21,33,-0.51,61,15.9,-0.42,157,448,0.72,162,85,72,98,-0.02,9.7,-0.28,No,-0.83,13,10,15,9,3,1,-0.20,78,75,81,-0.42,,75,77,12779,30,26,34,-0.22
29111,Missouri,Lewis,8991,6686,11296,0.12,,,,18,17,19,-0.38,4.5,4.2,4.7,-0.44,4.5,4.2,4.7,-0.10,,8,7,10,0.41,,,,21,20,22,-0.41,34,28,42,0.43,6.8,0.60,24,18,31,-1.16,17,1.91,17,16,18,0.13,2,6,33,11,55,0.55,24,235.1,-0.39,22,17,28,-0.98,,,,933,12,10,14,-0.27,2,20,5067:1,0.90,1,10,9967:1,1.25,6,60,1661:1,0.46,5437,0.37,10173,,5302,41,-0.26,,,,28,1.05,8,,28,106,96,-0.63,1081,2140,51,42,59,0.36,177,5056,3.5,-0.69,22,16,29,-0.14,48,,21,82860,20046,4.1,-0.31,613,2319,26,18,35,-0.59,15,14.8,-0.18,15,147,-0.59,38,75,53,103,-0.50,10.3,0.64,Yes,1.20,11,8,13,8,2,1,-0.90,75,71,79,-1.17,,,,3554,45,38,51,1.14
29113,Missouri,Lincoln,8641,7776,9507,-0.06,10891,,8735,16,16,17,-1.03,4.3,4.1,4.5,-0.90,4.2,4.0,4.4,-0.90,,7,7,8,-0.42,11,,7,22,21,23,-0.08,33,27,40,-0.09,8.2,-1.08,28,22,35,-0.16,37,0.89,20,19,21,1.88,15,51,29,22,37,0.21,186,340.1,0.18,27,24,30,-0.58,37,27,26,4622,10,9,11,-1.27,4,7,13817:1,1.34,8,14,7023:1,1.04,38,68,1479:1,0.37,4941,0.02,6142,8247,4865,36,0.62,39,,36,43,-0.61,31,34,43,699,95,-0.30,7551,13823,55,50,60,-0.06,970,26985,3.6,-0.59,14,10,17,-1.22,55,11,16,101653,25567,4.0,-0.62,4464,13994,32,26,38,0.17,42,7.6,1.41,156,285,0.01,261,95,84,107,0.50,10.9,1.57,Yes,1.20,14,12,16,12,2,0,0.30,87,85,89,1.52,,,,21342,55,50,59,2.06
29115,Missouri,Linn,10081,7945,12216,0.68,,,,18,17,19,-0.41,4.5,4.3,4.7,-0.28,4.4,4.2,4.6,-0.30,,7,6,9,-0.31,,,,21,20,22,-0.48,34,28,41,0.34,7.0,0.36,27,21,33,-0.50,68,-0.67,17,17,18,0.22,1,13,8,0,25,-1.69,31,251.9,-0.30,37,30,44,0.26,,,,1141,12,10,14,-0.35,5,41,2433:1,0.15,3,25,4065:1,0.52,4,33,3049:1,0.79,3732,-0.85,,,,36,0.62,,,,35,0.27,,,,166,93,-0.06,1289,2562,50,43,57,0.39,305,5169,5.9,1.80,22,15,29,-0.19,,17,27,78254,19857,3.9,-0.68,1035,2896,36,27,45,0.70,25,20.6,-1.46,40,323,0.17,38,62,44,85,-1.16,9.3,-0.90,No,-0.83,9,7,12,8,1,1,-1.38,80,77,83,-0.03,,,,4364,20,16,23,-1.14
29117,Missouri,Livingston,8361,6646,10077,-0.20,,,,17,17,18,-0.69,4.5,4.3,4.7,-0.37,4.5,4.3,4.7,-0.03,,8,6,9,-0.05,,,,20,19,21,-0.87,35,27,42,0.56,7.8,-0.60,24,18,30,-1.24,74,-0.97,17,16,18,-0.06,3,11,27,11,45,0.02,42,279.5,-0.15,36,29,43,0.15,,,,1382,13,11,15,0.11,12,79,1270:1,-1.18,10,66,1517:1,-1.57,8,53,1897:1,0.55,5561,0.46,,,,38,0.27,,,,45,-0.83,19,,45,154,98,-1.00,1940,3937,49,42,56,0.49,221,7290,3.0,-1.17,21,14,27,-0.32,,76,23,84088,18810,4.5,0.33,1015,3178,32,23,41,0.17,22,14.4,-0.10,33,218,-0.29,69,92,71,116,0.32,9.3,-0.90,No,-0.83,9,7,11,7,1,2,-1.41,82,79,84,0.35,,,,5328,18,15,22,-1.25
29119,Missouri,McDonald,10671,9108,12234,0.99,,,,24,23,25,1.70,5.3,5.1,5.5,1.59,4.9,4.6,5.1,1.37,,9,8,10,0.72,,7,10,26,25,27,2.09,28,22,36,-2.18,8.0,-0.84,27,20,34,-0.38,38,0.86,16,15,16,-0.72,14,42,33,25,41,0.55,61,269.4,-0.20,51,45,57,1.42,,80,47,4139,22,20,24,3.76,3,13,7540:1,1.13,5,22,4566:1,0.65,3,13,7609:1,1.02,4312,-0.43,,,,34,0.97,,,,31,0.72,,15,31,267,92,0.26,2204,5510,40,34,46,1.46,378,10573,3.6,-0.61,31,23,38,0.89,31,35,22,74462,20005,3.7,-1.10,2014,5913,34,27,41,0.47,20,8.8,1.14,132,585,1.32,118,104,85,123,0.95,9.7,-0.28,Yes,1.20,20,16,23,12,7,2,2.21,79,76,83,-0.16,,58,81,7053,42,36,47,0.88
29121,Missouri,Macon,8240,6369,10111,-0.27,,,,19,18,20,-0.21,4.6,4.4,4.8,-0.14,4.5,4.2,4.7,0.03,,7,5,8,-0.74,,,,20,19,21,-0.94,36,30,42,1.25,7.4,-0.12,25,20,31,-0.80,59,-0.19,16,15,17,-0.47,1,10,10,1,30,-1.49,34,221.7,-0.46,32,26,39,-0.13,,,,1518,13,11,15,0.10,5,33,3034:1,0.43,6,39,2542:1,-0.23,10,66,1525:1,0.40,4008,-0.65,,,,45,-0.96,,,,40,-0.28,25,,40,171,88,0.95,1710,3219,53,46,61,0.09,273,7403,3.7,-0.49,21,15,26,-0.34,47,51,26,72797,20156,3.6,-1.31,1139,3664,31,23,40,0.05,21,13.8,0.03,36,234,-0.22,66,86,67,109,0.04,9.5,-0.59,No,-0.83,10,8,12,8,1,1,-1.02,81,78,84,0.31,,,,5126,25,21,28,-0.69
29123,Missouri,Madison,11465,9262,13668,1.40,,,,20,19,21,0.28,4.9,4.7,5.1,0.67,4.6,4.4,4.9,0.59,,9,7,10,0.55,,,,23,22,24,0.42,34,26,41,0.25,7.5,-0.24,27,20,35,-0.38,83,-1.42,16,15,17,-0.52,2,13,15,3,32,-1.02,26,209.5,-0.53,44,36,52,0.85,,,,1294,13,11,15,0.15,5,40,2489:1,0.18,3,25,4081:1,0.52,14,114,875:1,-0.18,4253,-0.48,,,,35,0.79,,,,36,0.16,,,,164,93,0.08,1694,2984,57,46,67,-0.29,250,5367,4.7,0.51,27,19,35,0.41,,,,70550,16693,4.2,-0.14,559,2593,22,11,32,-1.27,21,16.9,-0.64,43,341,0.25,63,102,78,130,0.84,10.0,0.18,Yes,1.20,12,9,15,12,0,0,-0.39,80,75,85,-0.01,,,,3907,29,23,36,-0.26
29125,Missouri,Maries,8813,6343,11282,0.03,,,,19,18,20,-0.22,4.5,4.3,4.8,-0.28,4.4,4.2,4.7,-0.12,,7,5,9,-0.59,,,,21,20,22,-0.19,37,29,45,1.51,7.9,-0.72,33,25,42,1.35,21,1.73,16,15,17,-0.45,7,22,32,20,43,0.42,10,111.6,-1.06,21,15,28,-1.07,,,,1045,15,13,17,0.93,1,11,8858:1,1.20,3,34,2956:1,0.05,3,34,2956:1,0.77,4155,-0.55,,,,38,0.27,,,,44,-0.72,,,,91,91,0.37,898,1908,47,37,57,0.72,169,3860,4.4,0.22,21,14,27,-0.33,,,,79423,19402,4.1,-0.39,554,1857,30,19,41,-0.12,12,13.5,0.10,13,142,-0.62,47,105,77,140,1.00,9.6,-0.44,No,-0.83,15,10,19,11,2,3,0.45,72,64,80,-1.85,,,,2658,53,43,62,1.88
29127,Missouri,Marion,8193,7005,9380,-0.29,13534,,8034,18,17,19,-0.50,4.5,4.3,4.7,-0.28,4.3,4.1,4.5,-0.58,,8,7,9,0.22,15,,8,22,21,23,0.15,37,31,43,1.64,7.5,-0.24,27,21,32,-0.47,73,-0.89,18,17,18,0.30,3,17,18,6,32,-0.82,157,543.6,1.29,28,24,32,-0.51,35,,27,2351,10,9,12,-1.03,28,97,1032:1,-1.82,19,66,1507:1,-1.59,71,248,403:1,-1.76,6073,0.83,7734,,6008,47,-1.31,43,,47,23,1.61,23,32,23,363,96,-0.51,4029,6816,59,54,64,-0.53,521,14321,3.6,-0.54,22,17,28,-0.17,54,39,22,83803,18792,4.5,0.31,2683,6740,40,33,47,1.27,57,19.7,-1.27,78,275,-0.04,111,77,63,91,-0.41,10.4,0.80,No,-0.83,11,9,13,10,1,0,-0.75,84,81,86,0.85,77,,85,10833,19,16,22,-1.16
29129,Missouri,Mercer,,,,0.00,,,,18,17,19,-0.57,4.4,4.2,4.7,-0.47,4.4,4.2,4.7,-0.21,x,7,4,9,-0.80,,,,20,19,21,-0.67,29,22,37,-1.79,4.3,3.00,30,22,39,0.39,26,1.43,16,15,17,-0.58,1,4,25,2,54,-0.18,,,0.00,26,16,39,-0.67,,,,404,14,12,16,0.56,1,27,3699:1,0.64,0,0,3678:0,1.76,1,27,3678:1,0.85,4747,-0.12,,,,31,1.50,,,,27,1.16,,,,47,98,-0.96,388,721,54,43,65,0.02,73,1936,3.8,-0.41,20,14,26,-0.48,,,,84881,19758,4.3,0.00,174,904,19,10,28,-1.59,6,16.2,-0.50,2,41,-1.06,11,60,30,107,-1.28,9.1,-1.21,No,-0.83,10,7,14,6,4,2,-0.98,75,68,81,-1.18,,,,1171,34,27,42,0.20
29131,Missouri,Miller,8672,7372,9971,-0.04,,,,19,18,20,-0.20,4.6,4.4,4.8,-0.16,4.5,4.3,4.7,0.00,,7,6,9,-0.24,,,,21,20,22,-0.29,34,27,42,0.30,7.9,-0.72,27,20,34,-0.50,56,-0.03,17,16,18,-0.11,23,46,50,43,56,2.00,48,191.1,-0.63,40,35,46,0.52,,,,2622,13,11,15,0.09,7,28,3601:1,0.62,7,28,3604:1,0.36,8,32,3154:1,0.80,3802,-0.80,,,,43,-0.61,,,,42,-0.50,,,,375,89,0.85,2974,5620,53,45,61,0.11,534,11823,4.5,0.37,23,16,30,-0.01,,65,22,78856,18905,4.2,-0.24,2105,5892,36,26,45,0.70,32,12.7,0.28,89,350,0.29,99,79,64,96,-0.32,9.8,-0.13,No,-0.83,15,11,18,11,2,2,0.50,76,72,80,-0.83,,,,8228,43,37,49,0.98
29133,Missouri,Mississippi,11508,9402,13614,1.42,11501,,11925,30,29,30,3.00,5.8,5.6,6.0,2.92,5.0,4.8,5.2,2.00,,12,10,14,2.94,17,,10,29,28,30,3.00,35,29,42,0.86,6.6,0.84,33,26,39,1.16,53,0.11,15,15,16,-0.95,4,18,22,10,36,-0.42,65,463.1,0.85,68,58,78,2.79,106,,57,1185,12,11,14,-0.13,3,22,4600:1,0.83,2,15,6793:1,1.02,3,22,4529:1,0.91,6118,0.86,8499,,5700,39,0.09,45,,38,29,0.94,18,,30,121,98,-0.89,1368,3866,35,29,42,1.94,304,5972,5.1,0.96,38,27,49,1.80,77,59,40,64694,13790,4.7,0.75,1658,3031,55,46,64,3.00,21,15.2,-0.27,66,464,0.79,75,107,84,134,1.11,11.4,2.34,No,-0.83,18,14,22,12,6,1,1.54,78,72,84,-0.45,,,,3690,17,12,22,-1.37
29135,Missouri,Moniteau,5761,4451,7070,-1.55,,,,17,16,18,-0.90,4.2,4.0,4.4,-0.99,4.1,3.9,4.3,-1.40,,6,5,8,-0.95,,,,20,19,21,-0.98,36,28,44,1.21,8.4,-1.32,27,20,35,-0.27,38,0.83,19,18,20,1.06,5,15,33,19,47,0.55,38,238.1,-0.37,30,25,36,-0.27,,47,30,1841,15,13,17,0.93,2,12,8009:1,1.16,4,25,4016:1,0.50,5,31,3213:1,0.80,4219,-0.50,,,,39,0.09,,,,51,-1.50,,,,169,95,-0.32,1931,4188,46,40,52,0.82,264,7361,3.6,-0.60,17,11,22,-0.86,7,7,19,92304,24698,3.7,-1.07,784,3943,20,14,26,-1.51,30,18.7,-1.05,31,195,-0.39,41,51,37,70,-1.68,9.7,-0.28,No,-0.83,9,7,11,5,3,1,-1.56,80,77,82,-0.03,,,,5338,39,33,44,0.60
29137,Missouri,Monroe,7086,4879,9294,-0.86,,,,18,18,19,-0.37,4.5,4.3,4.7,-0.40,4.3,4.1,4.6,-0.49,,7,5,9,-0.41,,,,21,20,21,-0.53,34,27,42,0.34,7.7,-0.48,32,24,41,1.13,46,0.43,16,15,17,-0.60,0,5,0,0,32,-2.36,17,198.1,-0.59,32,24,41,-0.16,,,,830,13,11,14,-0.09,3,35,2853:1,0.36,2,23,4306:1,0.59,2,23,4306:1,0.90,3911,-0.72,,,,47,-1.31,,,,36,0.16,29,,36,106,95,-0.44,932,1808,52,43,60,0.26,174,3985,4.4,0.21,23,16,30,-0.04,21,54,21,80750,21409,3.8,-1.01,503,1920,26,19,34,-0.63,14,16.4,-0.53,8,87,-0.86,23,53,34,80,-1.60,9.7,-0.28,Yes,1.20,10,8,12,7,1,3,-1.09,81,77,84,0.12,,,,3090,40,33,46,0.68
29139,Missouri,Montgomery,10150,8017,12283,0.72,,,,20,19,21,0.18,4.7,4.5,4.9,0.20,4.6,4.4,4.8,0.36,,7,5,9,-0.54,,,,22,21,23,0.14,33,26,41,-0.01,7.8,-0.60,31,22,40,0.69,39,0.81,16,15,17,-0.65,5,27,19,9,30,-0.74,23,196.5,-0.60,46,37,55,1.01,,,,1187,13,11,15,0.19,2,17,5810:1,0.99,2,17,5719:1,0.88,5,44,2288:1,0.66,4311,-0.43,,,,40,-0.08,,,,35,0.27,,,,112,91,0.40,1321,2497,53,45,61,0.12,185,5582,3.3,-0.88,22,15,28,-0.24,,5,20,77904,19034,4.1,-0.39,936,2589,36,26,46,0.76,15,12.9,0.24,28,238,-0.20,60,102,78,132,0.87,10.0,0.18,No,-0.83,14,12,17,13,1,1,0.43,85,82,88,1.11,,,,4207,37,32,42,0.45
29141,Missouri,Morgan,9048,7487,10610,0.15,,,,22,21,22,0.78,5.0,4.7,5.2,0.83,4.8,4.5,5.0,0.99,,7,6,8,-0.38,,,,23,23,24,0.82,31,25,38,-1.09,7.6,-0.36,29,22,37,0.17,46,0.47,15,14,16,-1.05,5,26,19,10,31,-0.68,24,119.0,-1.02,37,31,43,0.26,,,,2702,18,16,20,2.15,5,25,4043:1,0.72,3,15,6715:1,1.01,6,30,3358:1,0.82,4065,-0.61,,,,43,-0.61,,,,41,-0.39,,36,41,123,97,-0.74,1453,3901,37,31,44,1.75,390,7794,5.0,0.87,30,22,38,0.85,31,17,38,73135,14062,5.2,1.72,1094,4389,25,17,33,-0.80,32,15.8,-0.41,46,226,-0.25,90,89,72,110,0.20,9.6,-0.44,Yes,1.20,17,14,21,16,1,2,1.43,72,66,77,-1.88,,,,5050,33,26,39,0.04
29143,Missouri,New Madrid,11718,9876,13559,1.53,12996,,11431,25,24,26,2.00,5.4,5.2,5.6,1.83,5.0,4.8,5.3,1.98,,11,10,13,2.26,19,,9,27,26,28,2.30,35,29,41,0.64,6.7,0.72,36,30,43,2.21,47,0.39,14,13,15,-1.72,10,35,29,20,38,0.13,79,433.9,0.69,54,47,62,1.70,68,,50,1787,12,11,14,-0.13,1,6,17915:1,1.40,3,17,5861:1,0.90,4,23,4396:1,0.90,6934,1.44,3573,,7167,40,-0.08,32,,41,33,0.50,18,,34,184,97,-0.85,1850,4186,44,38,50,1.02,530,7888,6.7,2.65,38,29,47,1.85,72,65,23,77619,14057,5.5,2.34,2011,4181,48,40,56,2.42,29,16.2,-0.49,29,173,-0.48,95,105,85,129,1.00,11.3,2.19,No,-0.83,12,10,14,11,1,0,-0.37,81,77,85,0.14,79,,79,5485,23,19,27,-0.85
29145,Missouri,Newton,8890,7999,9782,0.07,,,,18,17,19,-0.49,4.6,4.4,4.8,-0.08,4.4,4.2,4.6,-0.37,,7,6,8,-0.57,,4,7,21,20,22,-0.31,34,27,42,0.34,7.9,-0.72,26,20,32,-0.66,51,0.21,17,16,18,0.09,24,75,32,26,38,0.43,213,363.4,0.31,37,34,41,0.29,52,46,35,6852,14,13,16,0.71,,62,1616:1,-0.59,12,21,4858:1,0.72,19,33,3068:1,0.79,4170,-0.53,,,,40,-0.08,,,,41,-0.39,53,19,41,666,90,0.54,7766,13645,57,53,61,-0.30,999,27750,3.6,-0.58,19,13,25,-0.56,41,35,14,89394,23303,3.8,-0.88,3379,14033,24,20,28,-0.92,68,11.6,0.53,150,255,-0.13,239,82,71,92,-0.18,10.0,0.18,Yes,1.20,12,10,14,9,2,1,-0.52,81,79,84,0.25,,61,83,21608,27,24,29,-0.51
29147,Missouri,Nodaway,5790,4555,7026,-1.53,,,,21,20,22,0.48,4.7,4.5,5.0,0.23,4.7,4.4,4.9,0.66,,7,5,8,-0.84,,,,22,21,23,0.03,35,28,41,0.56,5.3,2.41,25,20,31,-0.80,76,-1.04,18,17,19,0.57,6,16,38,24,50,0.91,96,420.9,0.62,6,5,8,-2.25,,,,1837,11,10,13,-0.54,11,49,2061:1,-0.12,8,36,2809:1,-0.04,25,111,899:1,-0.14,3232,-1.21,,,,43,-0.61,,,,31,0.72,,,,222,98,-0.94,2830,4692,60,53,67,-0.66,384,10485,3.7,-0.52,15,11,19,-1.06,,33,22,82911,17310,4.8,0.94,1179,3720,32,23,41,0.14,27,11.9,0.46,37,159,-0.54,55,48,36,63,-1.85,9.4,-0.75,No,-0.83,17,14,21,16,1,1,1.34,79,76,82,-0.22,,,,8964,16,13,19,-1.47
29149,Missouri,Oregon,11256,8613,13898,1.29,,,,22,21,23,0.79,5.0,4.8,5.2,0.88,4.8,4.6,5.1,1.17,,10,8,12,1.28,,,,24,23,25,0.91,31,24,38,-1.05,6.8,0.60,31,23,39,0.64,51,0.19,16,15,16,-0.78,3,12,25,10,42,-0.18,21,191.7,-0.63,53,43,62,1.54,,,,1150,14,12,16,0.50,,,,0.00,1,9,10558:1,1.28,2,19,5279:1,0.95,3530,-0.99,,,,29,1.85,,,,25,1.38,,,,137,95,-0.37,959,2039,47,37,57,0.73,185,3971,4.7,0.52,37,26,49,1.72,,51,37,67593,12786,5.3,1.89,816,2364,35,22,48,0.53,7,6.5,1.66,18,164,-0.52,50,92,69,122,0.36,9.7,-0.28,No,-0.83,16,13,19,14,2,2,0.93,84,80,88,0.90,,,,3449,28,22,34,-0.36
29151,Missouri,Osage,5400,4008,6792,-1.74,,,,14,13,15,-1.90,3.9,3.7,4.2,-1.71,3.9,3.7,4.2,-1.97,,7,6,9,-0.38,,,,18,17,19,-1.78,32,25,40,-0.53,8.7,-1.69,28,21,37,-0.05,33,1.10,20,19,21,1.78,1,7,14,1,39,-1.11,31,227.5,-0.43,11,8,16,-1.85,,,,1077,10,8,11,-1.23,2,15,6832:1,1.08,4,29,3416:1,0.28,1,7,13662:1,1.09,4193,-0.52,,,,58,-3.00,,,,56,-2.05,,,,168,98,-0.91,1873,3130,60,52,68,-0.61,214,7141,3.0,-1.21,11,8,14,-1.61,,,,93898,26550,3.5,-1.46,442,3149,14,9,19,-2.32,15,11.0,0.67,8,56,-0.99,50,73,54,97,-0.60,9.8,-0.13,No,-0.83,5,4,7,4,1,1,-2.69,80,77,83,-0.01,,,,5441,43,36,50,1.00
29153,Missouri,Ozark,9385,6798,11972,0.32,,,,23,22,24,1.27,5.2,4.9,5.4,1.25,4.8,4.6,5.1,1.19,,10,8,13,1.76,,,,24,23,25,0.86,30,24,38,-1.31,5.0,2.77,28,21,36,-0.11,40,0.77,14,13,14,-1.91,4,13,31,16,46,0.32,7,74.4,-1.26,37,28,47,0.24,,,,1136,17,15,20,1.87,2,22,4619:1,0.83,4,44,2297:1,-0.44,,,,0.00,5237,0.23,,,,38,0.27,,,,33,0.50,,,,96,96,-0.55,888,1662,53,43,64,0.06,208,3527,5.9,1.80,35,25,46,1.50,,97,38,65382,14052,4.7,0.68,443,1809,24,16,33,-0.87,11,11.9,0.46,14,143,-0.61,36,77,54,106,-0.42,9.4,-0.75,Yes,1.20,18,14,21,11,4,3,1.53,80,76,84,-0.07,,,,2399,51,42,60,1.74
29155,Missouri,Pemiscot,15054,12926,17182,3.00,22211,,12307,27,26,28,2.62,5.7,5.5,5.9,2.68,5.0,4.8,5.2,1.93,,11,10,13,2.50,15,,9,27,27,28,2.61,36,30,42,1.08,6.0,1.56,40,34,47,3.00,52,0.13,14,14,15,-1.63,9,35,26,17,35,-0.12,153,875.2,3.00,66,58,73,2.62,82,87,53,1645,12,10,13,-0.43,5,29,3415:1,0.56,1,6,16826:1,1.46,22,131,765:1,-0.38,9436,3.00,13294,,9338,30,1.67,19,,31,27,1.16,15,,28,248,95,-0.42,1838,3956,46,40,53,0.79,490,6474,7.6,3.00,43,33,54,2.51,65,45,21,67761,13055,5.2,1.70,2391,4555,52,44,61,3.00,27,15.8,-0.41,154,887,2.64,96,111,90,135,1.27,11.0,1.72,No,-0.83,16,13,19,13,2,3,1.07,85,83,87,1.16,70,,87,5259,19,15,22,-1.23
29157,Missouri,Perry,6181,4989,7373,-1.33,,,,16,15,16,-1.31,4.2,4.0,4.4,-1.13,4.2,4.0,4.5,-0.83,,7,6,8,-0.69,,,,20,19,21,-1.00,34,27,42,0.34,8.5,-1.44,30,23,38,0.39,42,0.67,18,17,19,0.78,6,19,32,19,44,0.40,30,156.4,-0.82,29,24,34,-0.42,,,,1460,9,8,11,-1.46,7,36,2755:1,0.32,8,42,2403:1,-0.34,11,57,1748:1,0.50,5944,0.73,,,,43,-0.61,,,,39,-0.17,,,,181,81,2.49,2550,4495,57,50,64,-0.28,268,9924,2.7,-1.52,15,10,19,-1.10,,3,11,94533,24746,3.8,-0.91,1257,4515,28,19,36,-0.40,27,14.0,0.00,61,318,0.15,59,61,47,79,-1.18,10.8,1.42,No,-0.83,9,7,11,7,1,1,-1.49,84,81,87,0.92,,,,7601,28,24,33,-0.34
29159,Missouri,Pettis,8497,7533,9462,-0.13,13266,,8404,19,19,20,-0.04,4.7,4.5,4.9,0.07,4.5,4.3,4.8,0.21,,7,6,7,-0.87,,4,7,23,22,24,0.41,36,29,43,0.99,7.6,-0.36,27,22,33,-0.36,68,-0.67,17,16,17,-0.18,14,39,36,28,44,0.77,172,407.1,0.55,41,37,45,0.58,63,63,37,4592,13,12,15,0.18,22,52,1919:1,-0.24,24,56,1773:1,-1.09,45,106,946:1,-0.08,6554,1.17,8332,7168,6405,38,0.27,38,33,39,45,-0.83,37,27,45,472,96,-0.54,5700,10373,55,51,59,-0.10,864,20388,4.2,0.08,22,15,28,-0.24,66,28,21,78489,19585,4.0,-0.56,3280,10375,32,26,37,0.13,51,12.1,0.42,153,361,0.34,174,82,70,95,-0.14,9.5,-0.59,Yes,1.20,16,14,18,12,3,2,0.92,84,81,87,0.84,,70,85,15476,18,16,20,-1.28
29161,Missouri,Phelps,9803,8693,10912,0.54,,,,21,20,22,0.48,4.6,4.4,4.9,0.03,4.4,4.2,4.6,-0.26,,8,7,9,0.09,,,,21,20,22,-0.19,31,25,37,-1.01,7.2,0.12,25,19,31,-1.02,78,-1.13,18,17,19,0.79,10,60,17,10,24,-0.91,157,350.5,0.24,27,24,30,-0.58,,49,27,4734,14,12,15,0.31,45,101,991:1,-1.96,28,63,1598:1,-1.40,137,306,327:1,-2.45,4666,-0.18,,,,42,-0.43,,,,40,-0.28,30,27,40,489,92,0.25,6451,10052,64,58,70,-1.06,735,19311,3.8,-0.37,21,15,28,-0.26,97,38,18,89964,16036,5.6,2.51,2940,9158,32,26,38,0.19,61,13.7,0.07,152,340,0.25,191,85,73,97,0.01,9.7,-0.28,No,-0.83,14,12,16,12,2,1,0.24,80,78,82,0.10,,,,15000,19,16,22,-1.20
29163,Missouri,Pike,8018,6602,9434,-0.38,,,,19,18,19,-0.24,4.4,4.2,4.6,-0.51,4.4,4.2,4.7,-0.10,,8,7,10,0.40,,,,23,22,24,0.43,35,28,42,0.56,7.3,0.00,26,21,33,-0.58,46,0.44,18,17,19,0.69,4,19,21,10,35,-0.52,49,267.1,-0.21,32,26,38,-0.14,,,,1711,13,11,15,0.08,5,27,3688:1,0.64,5,27,3713:1,0.40,6,32,3095:1,0.79,5497,0.41,6339,,5431,36,0.62,41,,36,24,1.49,19,,24,163,90,0.58,2090,4657,45,39,51,0.95,273,7829,3.5,-0.70,23,16,30,-0.01,55,18,20,85889,22513,3.8,-0.92,1225,3962,31,24,38,0.03,34,18.4,-0.99,22,116,-0.73,77,83,66,104,-0.10,10.4,0.80,Yes,1.20,11,8,13,8,1,1,-0.88,81,77,85,0.27,,,,6078,27,24,31,-0.44
29165,Missouri,Platte,5582,5043,6121,-1.64,7067,,5568,15,15,16,-1.38,3.9,3.7,4.0,-1.90,3.8,3.6,3.9,-2.57,,6,6,7,-1.20,9,9,6,18,18,19,-1.50,31,26,36,-1.01,8.1,-0.96,23,19,27,-1.38,83,-1.42,19,19,20,1.41,25,62,40,34,46,1.16,343,356.9,0.27,15,13,17,-1.56,18,21,14,5981,7,6,8,-2.36,81,82,1214:1,-1.31,62,61,1632:1,-1.33,103,102,982:1,-0.03,4313,-0.43,9263,3238,4177,48,-1.48,43,49,48,51,-1.50,35,48,51,1203,94,-0.24,20739,26116,79,75,84,-2.65,1806,56864,3.2,-1.02,7,5,9,-2.05,34,28,6,130116,34384,3.8,-0.98,6004,22648,27,23,30,-0.58,100,10.2,0.84,67,134,-0.65,291,60,53,67,-1.25,10.2,0.49,No,-0.83,13,12,15,12,1,1,0.05,84,82,86,0.87,80,76,84,43378,33,30,35,0.05
29167,Missouri,Polk,8085,6937,9232,-0.35,,,,19,18,20,-0.05,4.6,4.4,4.8,-0.07,4.5,4.3,4.7,0.14,,6,5,7,-1.23,,,,21,21,22,-0.14,36,29,43,1.08,7.8,-0.60,23,17,30,-1.41,49,0.28,17,16,18,-0.20,4,30,13,5,24,-1.20,110,352.2,0.25,24,21,27,-0.82,,,,3161,13,11,15,0.06,26,83,1203:1,-1.34,9,28,3533:1,0.33,61,192,521:1,-1.10,3704,-0.87,,,,43,-0.61,,,,28,1.05,,,,409,92,0.13,3685,6795,54,47,61,-0.02,562,14117,4.0,-0.19,22,15,29,-0.18,77,10,14,80961,20229,4.0,-0.57,2161,7171,30,23,37,-0.08,31,9.9,0.90,122,393,0.48,124,79,65,93,-0.29,9.5,-0.59,No,-0.83,14,12,17,11,3,2,0.39,78,75,82,-0.37,,,,10691,37,32,42,0.43
29169,Missouri,Pulaski,7598,6804,8392,-0.60,3812,,8628,19,18,20,-0.10,4.4,4.3,4.6,-0.49,4.1,3.9,4.3,-1.41,,7,6,7,-0.73,10,7,6,22,21,23,-0.05,32,25,39,-0.57,6.6,0.84,22,17,28,-1.77,73,-0.88,22,21,23,2.99,11,33,33,24,42,0.55,283,531.7,1.23,25,22,28,-0.73,15,13,30,4282,11,10,13,-0.65,18,34,2925:1,0.39,59,113,882:1,-3.96,107,206,487:1,-1.26,4365,-0.39,6517,,4394,32,1.32,25,27,34,18,2.16,7,5,19,597,93,-0.05,11088,15534,71,65,78,-1.81,635,14367,4.4,0.27,15,11,20,-1.05,41,11,15,89778,24918,3.6,-1.33,3273,11406,29,23,35,-0.28,52,9.9,0.91,145,268,-0.07,185,70,60,80,-0.77,9.6,-0.44,Yes,1.20,15,12,18,12,2,2,0.69,58,56,61,-4.89,39,44,65,16692,20,17,24,-1.07
29171,Missouri,Putnam,10216,8266,12489,0.75,,,,20,19,21,0.20,4.8,4.5,5.0,0.31,4.6,4.3,4.8,0.35,,8,6,11,0.45,,,,22,21,23,0.11,33,25,40,-0.35,7.0,0.36,30,22,39,0.39,54,0.06,15,15,16,-0.94,0,5,0,0,32,-2.36,9,185.3,-0.66,35,24,50,0.12,,,,494,14,11,16,0.31,3,62,1618:1,-0.58,2,42,2406:1,-0.34,2,42,2406:1,0.68,5068,0.11,,,,39,0.09,,,,39,-0.17,,,,49,92,0.25,531,953,56,42,70,-0.18,93,2405,3.9,-0.31,27,19,35,0.46,,,,71274,17020,4.2,-0.21,505,1073,47,31,64,2.27,5,10.3,0.81,0,0,-1.24,20,83,50,128,-0.13,9.1,-1.21,No,-0.83,11,7,15,10,1,1,-0.76,74,68,80,-1.44,,,,1486,34,25,44,0.21
29173,Missouri,Ralls,6427,4609,8245,-1.20,,,,16,15,17,-1.10,4.3,4.1,4.5,-0.87,4.2,4.0,4.4,-0.95,,9,7,11,0.65,,,,18,18,19,-1.51,33,26,40,-0.27,8.4,-1.32,28,22,35,-0.19,15,2.02,17,16,18,0.10,5,17,29,16,43,0.21,40,392.3,0.47,24,18,32,-0.82,,,,852,10,9,12,-0.94,2,20,5112:1,0.91,1,10,10224:1,1.27,4,39,2556:1,0.71,6341,1.02,,,,48,-1.48,,,,30,0.83,,,,56,98,-1.03,1031,2173,47,39,56,0.68,176,5520,3.2,-1.01,14,10,19,-1.17,,44,17,90430,25063,3.6,-1.32,682,2176,31,20,43,0.09,11,10.8,0.71,16,152,-0.57,36,70,49,98,-0.73,10.2,0.49,Yes,1.20,12,8,15,10,2,1,-0.42,85,81,88,1.06,,,,4196,26,21,31,-0.56
29175,Missouri,Randolph,9286,7940,10633,0.27,11431,,9424,21,20,22,0.45,4.8,4.6,5.0,0.41,4.4,4.2,4.6,-0.36,,9,7,10,0.49,,,,21,20,22,-0.21,38,32,45,1.99,7.5,-0.24,30,24,36,0.44,57,-0.10,18,17,19,0.76,5,19,26,14,39,-0.06,83,330.6,0.13,38,33,44,0.38,36,,40,2118,11,10,13,-0.59,11,44,2272:1,0.04,9,36,2772:1,-0.06,20,80,1247:1,0.22,5541,0.45,7632,,5455,40,-0.08,46,,40,39,-0.17,29,,40,273,88,1.03,3621,6569,55,49,62,-0.12,464,10083,4.6,0.46,26,19,32,0.26,92,17,16,84087,17393,4.8,1.02,1568,5511,28,21,36,-0.31,35,14.0,-0.01,27,106,-0.77,96,77,62,94,-0.42,9.6,-0.44,No,-0.83,13,10,16,12,2,1,0.06,84,82,87,0.99,,,,8415,28,24,33,-0.34
29177,Missouri,Ray,8989,7516,10463,0.12,,,,16,15,16,-1.28,4.2,3.9,4.4,-1.17,4.2,4.0,4.4,-1.01,,7,6,8,-0.44,,,,20,20,21,-0.62,35,29,42,0.82,7.7,-0.48,34,27,42,1.49,53,0.08,18,17,18,0.34,6,17,35,22,48,0.72,78,342.0,0.19,33,28,38,-0.09,,,,2009,11,9,12,-0.79,7,31,3251:1,0.51,4,18,5714:1,0.88,6,26,3809:1,0.86,7587,1.91,,,,36,0.62,,,,47,-1.06,44,,47,243,95,-0.32,2506,5168,48,42,55,0.58,533,11205,4.8,0.62,15,11,19,-1.05,75,5,28,102603,23884,4.3,0.00,1589,5272,30,22,39,-0.08,29,12.7,0.27,106,468,0.81,92,80,65,99,-0.23,9.4,-0.75,No,-0.83,9,7,11,8,1,1,-1.43,84,81,87,0.95,,,,8751,54,48,59,1.99
29179,Missouri,Reynolds,10494,7536,13453,0.90,,,,23,22,24,1.16,5.1,4.8,5.3,1.02,4.7,4.5,4.9,0.78,,9,6,12,0.84,,,,23,22,24,0.63,35,27,43,0.51,6.1,1.44,32,24,41,1.02,64,-0.44,16,15,16,-0.85,4,17,24,11,38,-0.31,11,171.0,-0.74,38,28,51,0.34,,,,677,14,12,16,0.51,3,46,2152:1,-0.04,4,64,1569:1,-1.46,12,191,523:1,-1.09,5773,0.61,,,,28,2.02,,,,30,0.83,,,,67,93,0.11,667,1395,48,37,59,0.65,124,3056,4.1,-0.11,33,23,44,1.25,,41,23,75578,18187,4.2,-0.27,299,1253,24,15,33,-0.95,9,13.9,0.01,13,201,-0.36,50,155,115,204,3.00,9.5,-0.59,No,-0.83,14,10,17,11,1,1,0.12,76,70,83,-0.86,,,,1881,36,28,44,0.36
29181,Missouri,Ripley,13901,11495,16306,2.66,,,,24,23,25,1.66,5.3,5.1,5.6,1.69,4.9,4.7,5.2,1.65,,10,8,12,1.44,,,,26,25,27,2.05,38,30,45,1.90,6.7,0.72,31,24,38,0.64,62,-0.35,16,15,17,-0.66,8,21,38,27,49,0.96,26,188.4,-0.64,57,48,65,1.87,,,,1599,15,13,17,0.80,7,51,1974:1,-0.19,1,7,13564:1,1.39,9,66,1507:1,0.39,8472,2.54,,,,28,2.02,,,,22,1.72,,,,143,90,0.71,1454,3168,46,38,54,0.85,294,5134,5.7,1.62,35,25,46,1.48,,56,29,66455,15483,4.3,-0.01,966,3114,31,21,41,0.04,16,11.6,0.53,49,361,0.34,78,113,89,141,1.38,10.2,0.49,No,-0.83,11,9,13,8,3,1,-0.75,79,75,83,-0.27,,,,4070,37,30,43,0.43
29183,Missouri,St. Charles,5534,5265,5804,-1.67,6550,4101,5590,12,12,12,-2.59,3.5,3.4,3.7,-2.74,3.8,3.6,4.0,-2.48,,7,7,7,-0.62,12,7,7,17,16,17,-2.28,28,25,31,-2.18,8.5,-1.44,24,21,26,-1.27,91,-1.80,22,21,22,2.61,48,129,37,33,42,0.89,1136,294.6,-0.07,11,11,12,-1.85,18,22,10,19275,6,5,6,-2.89,170,43,2300:1,0.06,218,55,1814:1,-1.02,506,128,782:1,-0.34,4036,-0.63,3774,1111,4070,46,-1.13,42,33,47,54,-1.83,38,47,54,4520,93,0.05,79268,101432,78,76,80,-2.52,6304,219820,2.9,-1.34,7,5,8,-2.10,22,14,6,134986,37975,3.6,-1.42,20801,92162,23,21,24,-1.13,260,6.7,1.62,485,126,-0.69,1346,70,66,74,-0.76,11.7,2.81,Yes,1.20,9,9,10,9,1,0,-1.28,86,85,87,1.38,83,72,83,175381,38,37,39,0.57
29185,Missouri,St. Clair,9365,7098,11632,0.31,,,,20,19,21,0.24,4.8,4.5,5.0,0.31,4.6,4.3,4.8,0.26,,7,5,9,-0.40,,,,21,20,22,-0.20,35,27,43,0.51,7.4,-0.12,29,21,38,0.11,15,1.99,15,14,16,-1.18,7,14,50,37,61,2.00,13,137.7,-0.92,36,28,46,0.20,,,,1034,16,14,18,1.17,5,54,1854:1,-0.31,2,21,4681:1,0.68,2,21,4681:1,0.92,4805,-0.08,,,,29,1.85,,,,21,1.83,,,,91,96,-0.51,838,1750,48,39,57,0.64,197,3789,5.2,1.08,31,22,40,0.96,,,,68125,14897,4.6,0.53,558,1732,32,22,42,0.21,10,10.8,0.71,34,375,0.40,44,94,68,126,0.42,9.1,-1.21,No,-0.83,19,15,23,13,3,5,1.94,74,69,79,-1.41,,,,2406,36,29,42,0.32
29186,Missouri,Ste. Genevieve,6519,5202,7836,-1.16,,,,16,15,17,-1.24,4.2,4.0,4.4,-1.09,4.3,4.1,4.5,-0.75,,7,6,9,-0.45,,,,20,19,21,-0.90,33,26,40,-0.18,7.7,-0.48,31,25,39,0.83,33,1.12,19,18,20,1.13,10,28,36,26,45,0.76,24,133.9,-0.94,21,17,26,-1.04,,,,1591,11,9,12,-0.79,6,33,3005:1,0.42,3,17,5948:1,0.91,14,78,1275:1,0.24,5817,0.64,,,,37,0.44,,,,36,0.16,,,,157,94,-0.24,2413,3915,62,52,71,-0.80,327,8944,3.7,-0.52,16,11,20,-0.97,91,,24,99189,24118,4.1,-0.35,1327,3958,34,24,43,0.39,28,15.5,-0.34,54,301,0.08,75,84,66,105,-0.06,10.6,1.11,Yes,1.20,9,7,12,8,1,0,-1.31,81,78,84,0.21,,,,6717,31,25,36,-0.14
29187,Missouri,St. Francois,9639,8825,10453,0.46,,,,20,19,21,0.28,4.5,4.3,4.8,-0.24,4.5,4.3,4.7,0.00,,8,7,9,0.16,,,,24,23,25,1.07,36,31,42,1.12,7.5,-0.24,32,27,37,1.11,69,-0.71,19,18,20,1.03,14,56,25,18,32,-0.18,231,347.3,0.22,43,39,47,0.76,32,71,43,5352,11,9,12,-0.81,51,77,1306:1,-1.10,24,36,2779:1,-0.06,163,244,409:1,-1.72,3916,-0.72,,,,35,0.79,,32,35,41,-0.39,28,33,41,683,94,-0.16,9310,18417,51,46,55,0.36,1163,26250,4.4,0.28,24,17,30,0.02,68,10,18,82251,19254,4.3,-0.05,4206,13785,31,25,36,-0.03,91,13.7,0.07,196,294,0.04,321,97,86,107,0.58,10.3,0.64,Yes,1.20,15,13,17,12,3,2,0.61,84,82,86,0.94,,,,21904,26,23,29,-0.56
29189,Missouri,St. Louis,7511,7306,7716,-0.64,13052,3056,5902,15,14,15,-1.66,3.6,3.5,3.7,-2.59,3.8,3.6,3.9,-2.53,,9,9,9,0.90,14,8,7,18,18,19,-1.55,29,27,31,-1.87,7.5,-0.24,22,20,23,-1.79,94,-1.97,20,19,20,1.54,95,336,28,26,31,0.11,5698,567.9,1.42,18,17,18,-1.34,39,24,7,66336,8,8,9,-1.91,1228,123,813:1,-2.74,848,85,1175:1,-2.54,2711,272,368:1,-2.05,4471,-0.32,7447,4015,3779,48,-1.48,42,41,49,52,-1.61,35,47,56,10657,91,0.47,190523,243990,78,77,79,-2.51,18078,527507,3.4,-0.76,13,11,15,-1.30,30,17,6,127813,28228,4.5,0.44,74720,219079,34,33,35,0.47,993,9.9,0.89,3452,344,0.27,4080,82,79,84,-0.18,12.1,3.42,No,-0.83,14,14,15,13,1,1,0.32,83,82,84,0.68,77,76,87,405198,33,32,34,0.06
29195,Missouri,Saline,6592,5419,7766,-1.12,9385,,6806,21,20,21,0.49,4.7,4.5,4.9,0.10,4.6,4.4,4.8,0.47,,9,8,10,0.68,16,8,8,23,22,23,0.39,35,29,41,0.60,7.2,0.12,31,25,37,0.75,54,0.04,17,16,17,-0.18,5,26,19,10,31,-0.68,99,425.7,0.65,32,27,36,-0.17,31,30,33,2234,13,11,14,-0.09,13,57,1768:1,-0.40,7,31,3237:1,0.20,31,137,731:1,-0.45,4960,0.03,1765,,5090,50,-1.83,52,,50,48,-1.17,41,6,49,229,90,0.71,2882,5460,53,47,58,0.13,382,10445,3.7,-0.52,22,16,29,-0.14,40,42,20,78650,20182,3.9,-0.77,1755,5105,34,28,41,0.51,30,13.1,0.20,47,199,-0.37,99,86,70,104,0.03,9.6,-0.44,Yes,1.20,14,12,17,11,2,2,0.32,79,76,82,-0.14,,75,83,8192,16,14,19,-1.44
29197,Missouri,Schuyler,6086,4610,7885,-1.38,,,,21,20,22,0.44,5.0,4.8,5.2,0.89,4.7,4.5,4.9,0.84,,8,6,11,0.32,,,,24,23,25,1.14,34,26,42,0.30,4.3,3.00,28,21,37,0.00,43,0.62,16,16,17,-0.31,4,7,57,39,71,2.63,7,157.8,-0.81,24,16,35,-0.82,,,,581,16,14,19,1.50,3,68,1465:1,-0.81,1,22,4508:1,0.64,,,,0.00,2900,-1.44,,,,36,0.62,,,,43,-0.61,,,,45,98,-0.94,574,916,63,52,73,-0.90,93,1873,5.0,0.83,29,20,38,0.67,,,,76059,15483,4.9,1.17,410,1183,35,23,47,0.55,8,18.2,-0.94,7,160,-0.54,17,77,45,123,-0.40,9.3,-0.90,No,-0.83,12,8,16,8,2,2,-0.53,84,79,89,0.97,,,,1539,34,27,41,0.21
29199,Missouri,Scotland,8651,6804,10844,-0.06,,,,21,20,21,0.44,4.8,4.6,5.1,0.44,4.6,4.3,4.8,0.36,,5,3,7,-1.81,,,,22,21,23,0.05,33,26,41,0.04,7.9,-0.72,30,22,38,0.33,5,2.51,17,16,17,-0.20,2,5,40,15,62,1.13,10,206.0,-0.55,19,12,29,-1.19,,,,727,18,16,21,2.28,6,122,822:1,-2.70,1,20,4963:1,0.74,2,40,2482:1,0.70,5209,0.21,,,,35,0.79,,,,37,0.05,,,,43,98,-0.92,466,1025,45,35,56,0.89,77,2410,3.2,-1.00,25,17,32,0.17,,,,78793,20088,3.9,-0.72,319,1378,23,13,33,-1.05,11,22.3,-1.84,6,122,-0.70,29,118,79,170,1.66,9.5,-0.59,No,-0.83,20,15,25,15,4,1,2.31,70,63,76,-2.27,,,,1489,25,19,32,-0.61
29201,Missouri,Scott,10258,9082,11434,0.78,12467,,10002,23,22,23,1.13,5.2,5.0,5.4,1.26,4.5,4.3,4.7,0.17,,9,8,10,1.05,14,,9,23,22,24,0.60,34,29,39,0.38,6.6,0.84,31,26,35,0.61,63,-0.38,15,15,16,-0.91,6,22,27,16,39,0.02,153,392.2,0.47,52,47,57,1.50,81,44,47,3532,11,10,13,-0.66,19,49,2039:1,-0.13,23,60,1676:1,-1.25,56,145,688:1,-0.55,5579,0.47,4084,,5594,40,-0.08,36,,40,39,-0.17,24,27,40,442,94,-0.12,4721,9146,52,46,57,0.25,896,19781,4.5,0.38,32,25,38,1.05,69,72,22,83670,17335,4.8,1.01,3650,9186,40,33,46,1.26,58,15.0,-0.22,382,936,2.85,178,92,78,105,0.32,11.5,2.50,Yes,1.20,13,11,16,10,3,1,0.10,82,80,84,0.44,83,,82,13786,21,19,24,-0.99
29203,Missouri,Shannon,7925,5591,10259,-0.43,,,,21,20,22,0.52,4.9,4.7,5.1,0.66,4.7,4.4,4.9,0.65,,10,7,12,1.31,,,,24,23,25,0.86,32,25,39,-0.70,7.1,0.24,30,22,38,0.36,73,-0.90,16,15,16,-0.82,5,14,36,21,50,0.76,9,109.0,-1.08,43,34,53,0.73,,,,955,15,13,17,0.91,,,,0.00,,,,0.00,1,12,8249:1,1.03,4097,-0.59,,,,32,1.32,,,,26,1.27,,,,135,91,0.39,738,1706,43,34,52,1.12,197,3199,6.2,2.07,53,42,64,3.00,,,,66245,14027,4.7,0.81,635,1811,35,24,46,0.61,5,6.1,1.74,28,334,0.22,39,94,67,129,0.47,9.4,-0.75,No,-0.83,16,12,19,12,3,2,0.86,82,76,88,0.51,,,,2320,29,21,37,-0.27
29205,Missouri,Shelby,9755,7892,11925,0.52,,,,18,17,19,-0.57,4.5,4.3,4.7,-0.34,4.4,4.2,4.6,-0.37,,7,5,10,-0.32,,,,21,20,22,-0.57,34,27,42,0.43,6.5,0.96,25,18,33,-0.94,43,0.61,17,16,18,-0.23,0,5,0,0,32,-2.36,10,163.2,-0.78,19,13,28,-1.19,,,,607,13,11,15,0.02,,,,0.00,2,33,3011:1,0.08,,,,0.00,3828,-0.78,,,,46,-1.13,,,,36,0.16,,,,73,89,0.81,768,1297,59,50,69,-0.54,106,3047,3.5,-0.71,23,16,29,-0.11,71,71,26,79090,18330,4.3,0.03,367,1354,27,19,35,-0.50,15,24.7,-2.37,4,57,-0.99,28,92,61,133,0.33,9.7,-0.28,No,-0.83,10,7,12,8,2,1,-1.21,77,72,82,-0.66,,,,2254,25,19,30,-0.67
29207,Missouri,Stoddard,9562,8306,10819,0.42,,,,21,20,22,0.62,4.9,4.7,5.1,0.54,4.6,4.4,4.8,0.33,,9,8,10,0.84,,,,24,23,25,0.88,36,31,41,1.03,7.8,-0.60,34,29,40,1.58,64,-0.47,16,16,17,-0.44,9,33,27,18,37,0.02,73,244.5,-0.34,43,38,49,0.78,,,,2790,12,10,13,-0.38,11,37,2690:1,0.28,7,24,4196:1,0.56,15,51,1958:1,0.57,6338,1.02,,23077,6308,41,-0.26,,,,29,0.94,21,45,29,331,96,-0.54,3922,6942,56,51,62,-0.26,667,12992,5.1,1.01,24,16,31,0.01,53,26,19,76531,17744,4.3,0.03,1755,6356,28,22,34,-0.43,45,15.2,-0.27,40,133,-0.66,116,78,64,92,-0.35,11.3,2.19,Yes,1.20,11,9,13,9,2,0,-0.82,83,81,85,0.65,,,,10378,30,26,34,-0.21
29209,Missouri,Stone,10163,8534,11792,0.73,,,,17,17,18,-0.65,4.4,4.2,4.6,-0.57,4.3,4.1,4.5,-0.70,,8,7,9,-0.02,,,,19,18,20,-1.42,34,27,40,0.08,8.2,-1.08,29,23,36,0.20,68,-0.65,15,14,16,-1.27,9,41,22,14,31,-0.45,55,177.7,-0.70,32,28,37,-0.13,,,,3327,15,13,17,1.00,10,32,3105:1,0.46,4,13,7925:1,1.12,13,41,2438:1,0.69,3278,-1.17,,7029,3226,45,-0.96,,,,36,0.16,,18,36,278,95,-0.38,2747,5365,51,44,59,0.29,755,13474,5.6,1.50,27,20,35,0.50,,,,80872,22475,3.6,-1.34,1153,5355,22,16,27,-1.28,38,12.2,0.39,146,472,0.82,164,105,89,121,1.00,9.8,-0.13,Yes,1.20,12,10,14,11,1,0,-0.28,77,75,79,-0.74,,,,9183,49,43,55,1.56
29211,Missouri,Sullivan,6382,5061,7943,-1.23,,,,22,22,23,1.05,4.7,4.5,4.9,0.14,4.4,4.2,4.6,-0.33,,8,6,10,0.24,,6,9,21,20,22,-0.22,35,27,42,0.51,7.6,-0.36,33,26,41,1.41,48,0.34,16,15,17,-0.51,2,8,25,7,46,-0.18,17,267.6,-0.21,52,41,65,1.47,,103,38,744,15,13,17,0.82,2,32,3131:1,0.47,1,16,6229:1,0.95,,,,0.00,5838,0.66,,,,34,0.97,,,,24,1.49,,7,24,87,97,-0.70,564,1466,38,31,46,1.62,112,2710,4.1,-0.03,23,16,30,-0.08,,26,16,78455,18753,4.2,-0.22,484,1460,33,21,45,0.34,12,19.2,-1.15,13,205,-0.34,22,69,44,105,-0.79,9.3,-0.90,No,-0.83,13,10,17,10,3,1,0.05,72,68,76,-1.81,,,,1906,20,16,25,-1.07
29213,Missouri,Taney,9464,8493,10434,0.36,,,,20,19,21,0.28,4.8,4.6,5.0,0.40,4.5,4.3,4.8,0.25,,8,7,9,0.11,,7,8,21,21,22,-0.13,32,26,38,-0.70,6.4,1.08,28,22,35,-0.05,59,-0.20,16,16,17,-0.38,15,56,27,20,34,-0.02,151,276.6,-0.16,36,33,39,0.17,,40,36,6669,16,14,18,1.35,44,80,1244:1,-1.24,17,31,3256:1,0.21,34,61,1628:1,0.45,3861,-0.76,,,,36,0.62,,25,36,36,0.16,6,36,36,544,95,-0.47,6935,12132,57,52,62,-0.33,1611,26488,6.1,1.99,22,16,29,-0.16,10,35,24,75597,19100,4.0,-0.65,3854,11448,34,28,40,0.41,71,13.0,0.22,190,347,0.28,219,80,70,91,-0.24,9.8,-0.13,Yes,1.20,15,13,18,13,2,1,0.77,75,72,78,-1.13,,66,77,17863,20,17,23,-1.09
29215,Missouri,Texas,9392,7954,10831,0.33,,,,22,21,23,0.85,5.1,4.9,5.3,1.10,4.8,4.5,5.0,1.02,,8,7,9,-0.11,,,,24,23,25,1.18,33,26,39,-0.27,7.1,0.24,29,23,35,0.11,66,-0.53,16,15,17,-0.73,13,39,33,25,42,0.55,53,206.3,-0.55,42,37,48,0.71,,,,2698,14,12,16,0.68,11,43,2343:1,0.09,5,19,5147:1,0.78,9,35,2859:1,0.76,5653,0.53,,,,30,1.67,,,,32,0.61,,,,281,92,0.25,2895,5671,51,44,58,0.31,462,9251,5.0,0.86,31,22,40,0.98,,33,35,71366,15477,4.6,0.60,1639,5730,29,20,37,-0.29,36,14.0,0.00,33,130,-0.67,118,92,75,108,0.34,9.6,-0.44,No,-0.83,14,11,17,12,2,1,0.37,77,73,82,-0.61,,,,6727,34,28,40,0.20
29217,Missouri,Vernon,11017,9280,12754,1.17,,,,20,19,21,0.29,4.8,4.5,5.0,0.33,4.6,4.4,4.8,0.38,,7,6,8,-0.58,,,,22,21,23,0.18,33,26,40,-0.09,6.7,0.72,30,23,38,0.50,55,0.02,16,15,17,-0.41,6,17,35,22,48,0.72,67,321.7,0.08,33,28,38,-0.07,,,,2176,13,12,15,0.25,8,39,2590:1,0.23,6,29,3406:1,0.28,73,357,280:1,-3.06,4084,-0.60,,,,34,0.97,,,,35,0.27,,,,224,90,0.67,2476,4616,54,46,61,0.04,368,9498,3.9,-0.30,25,17,33,0.16,,,,83750,20173,4.2,-0.28,1342,4781,28,22,35,-0.37,26,12.5,0.32,121,578,1.29,93,89,72,110,0.22,9.4,-0.75,No,-0.83,14,11,17,11,2,2,0.34,76,73,79,-0.92,,,,7008,16,13,19,-1.46
29219,Missouri,Warren,8900,7630,10169,0.07,,,,15,15,16,-1.43,4.1,3.9,4.3,-1.25,4.1,3.9,4.4,-1.20,,7,6,8,-0.65,11,10,7,19,18,20,-1.17,32,25,39,-0.53,8.3,-1.20,25,20,32,-0.85,62,-0.33,19,18,20,1.07,13,33,39,30,48,1.08,95,283.5,-0.13,29,25,33,-0.41,67,32,27,3108,11,10,13,-0.65,6,18,5634:1,0.97,7,20,4910:1,0.73,14,41,2455:1,0.69,3816,-0.79,2039,,3821,43,-0.61,25,,43,51,-1.50,34,51,51,350,91,0.39,4520,7857,58,50,65,-0.37,555,17326,3.2,-0.99,14,10,19,-1.14,89,10,17,106327,26125,4.1,-0.44,2152,8085,27,20,33,-0.57,34,10.1,0.87,138,415,0.57,155,92,78,107,0.36,10.5,0.95,No,-0.83,15,11,18,12,3,1,0.45,87,84,91,1.67,,,,12777,51,46,57,1.75
29221,Missouri,Washington,12318,10757,13879,1.84,,,,21,21,22,0.76,5.0,4.8,5.2,0.91,4.6,4.4,4.9,0.52,,10,9,12,1.68,,,,25,24,26,1.57,30,23,38,-1.44,7.1,0.24,29,22,37,0.22,60,-0.25,17,16,18,0.21,11,41,27,19,35,-0.02,60,242.1,-0.35,51,44,57,1.37,,,,2658,14,12,15,0.33,8,32,3105:1,0.46,9,36,2780:1,-0.06,13,52,1925:1,0.56,8324,2.44,,,,35,0.79,,,,31,0.72,,,,268,94,-0.27,2760,6175,45,38,52,0.97,554,10155,5.5,1.34,31,22,40,0.94,,13,29,72795,17081,4.3,-0.07,1689,5537,31,21,40,-0.03,26,10.5,0.78,94,375,0.40,142,114,95,132,1.43,9.9,0.02,Yes,1.20,13,10,15,9,3,1,-0.20,82,78,87,0.56,,,,7278,46,40,53,1.31
29223,Missouri,Wayne,10339,8324,12354,0.82,,,,23,22,24,1.28,5.2,5.0,5.4,1.34,4.9,4.7,5.2,1.46,,9,7,11,0.86,,,,24,23,25,1.26,36,29,44,1.21,6.4,1.08,33,26,41,1.38,73,-0.92,15,14,16,-1.11,3,16,19,7,34,-0.72,35,261.1,-0.25,48,39,57,1.17,,,,1454,15,13,16,0.73,5,38,2628:1,0.25,1,8,13296:1,1.38,8,60,1662:1,0.46,5924,0.72,,,,34,0.97,,,,16,2.38,,,,112,91,0.40,1287,2648,49,41,57,0.56,279,5436,5.1,1.01,35,24,46,1.49,14,5,33,64910,14409,4.5,0.39,935,2747,34,24,44,0.46,19,14.5,-0.11,26,194,-0.39,95,142,115,174,2.87,10.1,0.33,No,-0.83,12,9,15,9,2,2,-0.37,79,74,84,-0.26,,,,3468,43,34,52,0.97
29225,Missouri,Webster,7748,6743,8752,-0.52,,,,21,20,22,0.51,5.0,4.8,5.3,0.94,4.6,4.4,4.9,0.56,,6,5,6,-1.46,,,,23,22,24,0.75,33,26,41,-0.09,7.8,-0.60,28,22,36,0.00,54,0.03,17,16,18,0.22,10,37,27,18,36,0.00,89,237.4,-0.38,39,35,43,0.42,,37,39,4430,14,12,16,0.58,13,34,2931:1,0.39,9,23,4296:1,0.59,20,52,1933:1,0.56,3105,-1.30,,,,37,0.44,,,,41,-0.39,,41,41,465,91,0.51,4844,8838,55,50,60,-0.08,646,16764,3.9,-0.32,26,19,34,0.37,14,34,25,85842,21077,4.1,-0.43,2173,10141,21,17,26,-1.29,35,9.2,1.06,67,181,-0.45,179,95,81,109,0.52,9.6,-0.44,Yes,1.20,15,13,17,10,5,3,0.70,81,79,83,0.32,,,,12043,52,47,57,1.82
29227,Missouri,Worth,,,,0.00,,,,18,17,19,-0.37,4.5,4.3,4.8,-0.24,4.4,4.2,4.7,-0.15,x,10,,,1.41,,,,20,19,21,-0.66,30,23,37,-1.61,8.2,-1.08,27,19,36,-0.38,21,1.68,16,15,17,-0.54,1,4,25,2,54,-0.18,,,0.00,,,,0.00,,,,197,13,11,15,0.03,1,49,2024:1,-0.15,1,49,2057:1,-0.69,,,,0.00,5578,0.47,,,,45,-0.96,,,,29,0.94,,,,25,96,-0.59,251,399,63,49,77,-0.93,30,1160,2.6,-1.63,22,15,29,-0.18,,33,21,77233,20792,3.7,-1.12,103,420,25,13,36,-0.86,4,19.8,-1.28,2,73,-0.92,14,136,74,228,2.54,9.0,-1.37,Yes,1.20,7,3,10,5,0,2,-2.21,77,71,82,-0.78,,,,734,39,30,48,0.63
29229,Missouri,Wright,10453,8655,12251,0.88,,,,24,23,25,1.61,5.3,5.0,5.5,1.50,4.9,4.7,5.2,1.53,,7,6,8,-0.52,,,,26,25,27,1.86,29,23,36,-1.74,7.0,0.36,31,24,38,0.72,34,1.06,15,14,15,-1.32,2,16,13,3,28,-1.27,54,295.6,-0.06,48,41,55,1.17,,,,2282,16,14,18,1.24,3,16,6095:1,1.02,7,38,2619:1,-0.17,23,125,797:1,-0.31,4376,-0.39,,,,34,0.97,,,,29,0.94,,,,228,98,-0.95,1405,3802,37,29,45,1.78,376,7539,5.0,0.86,36,26,46,1.58,,70,34,62108,14872,4.2,-0.23,1503,4514,33,26,41,0.36,25,13.7,0.07,51,276,-0.03,69,75,59,95,-0.49,9.5,-0.59,No,-0.83,14,11,17,10,3,1,0.19,77,72,83,-0.58,,,,4956,42,35,49,0.89
29510,Missouri,St. Louis City,12681,12228,13134,2.03,18361,3894,8430,24,24,24,1.65,5.0,4.8,5.1,0.80,5.0,4.8,5.1,1.82,,12,12,13,3.22,16,7,8,25,24,25,1.37,35,32,38,0.64,5.9,1.68,25,22,27,-0.99,98,-2.15,21,20,21,2.09,76,250,30,27,34,0.29,4039,1279.4,5.30,42,40,43,0.64,54,54,15,32997,13,11,14,-0.09,272,87,1145:1,-1.49,168,54,1837:1,-0.99,1009,327,306:1,-2.70,6240,0.95,8327,2054,4533,38,0.27,34,29,42,40,-0.28,29,34,49,2921,56,7.44,73700,102167,72,70,74,-1.89,6871,155752,4.4,0.26,33,25,40,1.15,50,45,14,84370,13939,6.1,3.35,37257,61828,60,57,63,4.11,429,13.8,0.04,5760,1820,6.71,2028,129,123,135,2.20,11.5,2.50,No,-0.83,23,22,24,21,2,1,3.29,72,71,73,-1.85,67,71,84,107569,28,26,29,-0.38
